{"IMG_SIZE": 96, "BATCH_SIZE": 16, "LEARNING_RATE": 0.0001, "NUM_EPOCHS": 35, "NUM_GENERATE_IMAGES": 9, "NUM_TIMESTEPS": 500, "MIXED_PRECISION": "fp16", "GRADIENT_ACCUMULATION_STEPS": 1, "losses": [1.2090409100055695, 1.2068088203668594, 1.2017285351951916, 1.194032996892929, 1.1851647719740868, 1.1757231801748276, 1.1624830067157745, 1.1508402824401855, 1.135699324309826, 1.117545338968436, 1.1012348557511966, 1.0817776247859001, 1.0632377341389656, 1.0469013725717862, 1.031261717279752, 1.0167587275306385, 1.001928921788931, 0.9877684762080511, 0.9753088603417078, 0.965141836553812, 0.9532536106805006, 0.9465031599005064, 0.9361399772266547, 0.931117869913578, 0.9255622327327728, 0.9201473941405615, 0.915035855025053, 0.9085578260322412, 0.9056100187202295, 0.9059216020007929, 0.9016471592088541, 0.9046318531036377, 0.9016565109292666, 0.9040623555580775, 0.9046676841874918], "fid_scores": [320.6599799279363, 325.2999162992046, 329.39598496965414, 329.85089681354384, 335.58620246817645], "fid_scores_epochs": [0, 10, 20, 30, 34], "dataset": "square96_random0.0025", "UNET_size": "big", "optimizer": "SGD", "seed": 3, "exited_loss_na": false, "execution_time": 1529.6146965000007}