{"IMG_SIZE": 96, "BATCH_SIZE": 16, "LEARNING_RATE": 0.0001, "NUM_EPOCHS": 35, "NUM_GENERATE_IMAGES": 9, "NUM_TIMESTEPS": 500, "MIXED_PRECISION": "fp16", "GRADIENT_ACCUMULATION_STEPS": 1, "losses": [1.0106327922720657, 0.6153272616235833, 0.22412758932301874, 0.1239120256743933, 0.10032415860577633, 0.08840567489203653, 0.08141992676414941, 0.07421312524299872, 0.06757313962045469, 0.062441143746438776, 0.06109044653804679, 0.060691738952147335, 0.05788420972071196, 0.05455599880140079, 0.051521612095989676, 0.05189247215656858, 0.05265254803786152, 0.050746752439360866, 0.04895206223192968, 0.046472281766565225, 0.04754793096921946, 0.04855252871976087, 0.04728195627072924, 0.045942909897942294, 0.04385173486447648, 0.04528448140542758, 0.046388099440618565, 0.04547395690491325, 0.04444552816842732, 0.042604239049710724, 0.044081527592712326, 0.04547048188549908, 0.04480925965073861, 0.04396648901073556, 0.04225280720152353], "fid_scores": [328.68313437910325, 274.1443408170894, 249.08386125983623, 228.5988309070589, 221.8615625801611, 211.32569577565187, 213.15541502901772, 210.51595718625958], "fid_scores_epochs": [0, 5, 10, 15, 20, 25, 30, 34], "dataset": "square96_random0.005", "UNET_size": "mid", "optimizer": "Adam", "seed": 1, "exited_loss_na": false, "execution_time": 1737.1948892000003}