{"IMG_SIZE": 96, "BATCH_SIZE": 16, "LEARNING_RATE": 0.0001, "NUM_EPOCHS": 35, "NUM_GENERATE_IMAGES": 9, "NUM_TIMESTEPS": 500, "MIXED_PRECISION": "fp16", "GRADIENT_ACCUMULATION_STEPS": 1, "losses": [1.1037695094158775, 0.6437800015273847, 0.22487628757953643, 0.11814559666733992, 0.09614111181152495, 0.08211765720656043, 0.07500841452887183, 0.06947076130462321, 0.060231423789733333, 0.05857303413121324, 0.05524342577708395, 0.05444794518775062, 0.053444344373910053, 0.04737000679107089, 0.04789815390188443, 0.04635951120994593, 0.046643486158236075, 0.04716829008569843, 0.04224246903077552, 0.0432776409152307, 0.042351574156629414, 0.043180739183567074, 0.04374276266286248, 0.03973819290925013, 0.0409415736206268, 0.04018026206054186, 0.041182401884151135, 0.0420127596706152, 0.03826995773338958, 0.03957349812906039, 0.03913759170590263, 0.04019816968786089, 0.04121883266458386, 0.037757426068971034, 0.03916689594717402], "fid_scores": [314.1978609735255, 260.59665707387865, 229.60972959827, 192.78380951233905, 189.8915758258014, 182.64582417503837, 175.81043369021046, 174.4043088501506], "fid_scores_epochs": [0, 5, 10, 15, 20, 25, 30, 34], "dataset": "square96_random0.005", "UNET_size": "big", "optimizer": "Adam", "seed": 0, "exited_loss_na": false, "execution_time": 3055.1776225}