{"IMG_SIZE": 96, "BATCH_SIZE": 16, "LEARNING_RATE": 0.0001, "NUM_EPOCHS": 35, "NUM_GENERATE_IMAGES": 9, "NUM_TIMESTEPS": 500, "MIXED_PRECISION": "fp16", "GRADIENT_ACCUMULATION_STEPS": 1, "losses": [1.0823594896416915, 1.0804405400627537, 1.0765267610549927, 1.070133460195441, 1.0615641568836414, 1.0520351372267072, 1.0420025712565373, 1.0295867919921875, 1.014250830600136, 0.9975008180266932, 0.980924013413881, 0.9636520241436205, 0.9460725470593101, 0.9234907815330907, 0.9007077687665036, 0.8798491233273557, 0.8573211807953683, 0.8373317906731054, 0.8082651119483145, 0.7808852980011388, 0.7576341785882649, 0.7313312417582462, 0.7109947016364649, 0.6763993093841955, 0.6463066715943185, 0.622636195860411, 0.5948250983890734, 0.5772286810373005, 0.5429691123334985, 0.5204575987238633, 0.5100736288647902, 0.49914969896015365, 0.5025031817586798, 0.48710354064640243, 0.4837267226294467], "fid_scores": [354.3697253805328, 357.71509088198735, 355.23074801948087, 351.9925086690391, 352.6817637289305, 356.2444165870494, 352.18765861894576, 346.0736129868527], "fid_scores_epochs": [0, 5, 10, 15, 20, 25, 30, 34], "dataset": "square96_random0.001", "UNET_size": "small", "optimizer": "SGD", "seed": 0, "exited_loss_na": false, "execution_time": 179.03368360000002}