{"IMG_SIZE": 96, "BATCH_SIZE": 16, "LEARNING_RATE": 0.0001, "NUM_EPOCHS": 35, "NUM_GENERATE_IMAGES": 9, "NUM_TIMESTEPS": 500, "MIXED_PRECISION": "fp16", "GRADIENT_ACCUMULATION_STEPS": 1, "losses": [1.2060895164807637, 1.184595117966334, 1.1437590072552364, 1.0886124173800151, 1.023879957695802, 0.9503395420809587, 0.8662605136632919, 0.7701344005763531, 0.6744894720613956, 0.5865548253059387, 0.4813697189092636, 0.41407993622124195, 0.33586329873651266, 0.2896253460397323, 0.25261102089037496, 0.22183204240476093, 0.20186624148239693, 0.1728930358464519, 0.16246063339834413, 0.17073992220684886, 0.15038807829841971, 0.1650868859142065, 0.15328009302417436, 0.16002390642339984, 0.16437003761529922, 0.1607932224869728, 0.15857392083853483, 0.14145123772323132, 0.13889967122425637, 0.15227197545270124, 0.13663160319750509, 0.15362983709201217, 0.1446689455769956, 0.1532724965363741, 0.15940652042627335], "fid_scores": [323.3540968194059, 323.7524494714689, 306.0075260915843, 304.08555355514443, 304.0458297574809], "fid_scores_epochs": [0, 10, 20, 30, 34], "dataset": "square96_random0.0025", "UNET_size": "big", "optimizer": "SGD", "seed": 1, "exited_loss_na": false, "execution_time": 1530.2635819999996}