{"IMG_SIZE": 96, "BATCH_SIZE": 16, "LEARNING_RATE": 0.0001, "NUM_EPOCHS": 35, "NUM_GENERATE_IMAGES": 9, "NUM_TIMESTEPS": 500, "MIXED_PRECISION": "fp16", "GRADIENT_ACCUMULATION_STEPS": 1, "losses": [0.9938236363232136, 0.32057433187340695, 0.11123717638353507, 0.0930064672914644, 0.08227894501760602, 0.06816025214114536, 0.06486328140211602, 0.04962960696623971, 0.044825493707321584, 0.047644021028342344, 0.04025619143309692, 0.043782357689148434, 0.03963169599107156, 0.0432700883053864, 0.0458539113169536, 0.04139326706839105, 0.04058105556759983, 0.03229644143721089, 0.0317390354272599, 0.03535837978900721, 0.03132773130588854, 0.03537567526412507, 0.03280368237756193, 0.03601420484483242, 0.03774176353666311, 0.03467801719671115, 0.03579207242000848, 0.028695764107396826, 0.028471053422739107, 0.03230664145667106, 0.028313856455497444, 0.032726855657529086, 0.030465110787190497, 0.0337706248780402, 0.03558125009294599], "fid_scores": [326.20530681899174, 234.03747660619993, 216.85614631837612, 215.4346521510625, 213.9441714846061], "fid_scores_epochs": [0, 10, 20, 30, 34], "dataset": "square96_random0.0025", "UNET_size": "big", "optimizer": "Adam", "seed": 3, "exited_loss_na": false, "execution_time": 2268.973016600001}