{"IMG_SIZE": 96, "BATCH_SIZE": 16, "LEARNING_RATE": 0.0001, "NUM_EPOCHS": 35, "NUM_GENERATE_IMAGES": 9, "NUM_TIMESTEPS": 500, "MIXED_PRECISION": "fp16", "GRADIENT_ACCUMULATION_STEPS": 1, "losses": [1.0827411224967556, 1.080820171456588, 1.0766997964758622, 1.0702037685795833, 1.0611914459027743, 1.0519256905505532, 1.042316148155614, 1.0296864195873863, 1.0142249590472172, 0.9972154027537296, 0.9808468787293685, 0.9638877103203222, 0.9460901523891249, 0.9234003236419276, 0.9004999807006434, 0.879841895479905, 0.8575175090839988, 0.8372708747261449, 0.8082049708617361, 0.7806921256215948, 0.7576597489808735, 0.7315383459392347, 0.7108034397426405, 0.6764147407130191, 0.6460920007605302, 0.6226062806029069, 0.5950618950944198, 0.5768599071000752, 0.5430748478362435, 0.5202442658574957, 0.509916713363246, 0.4994222082589802, 0.5020341528089423, 0.4872229648263831, 0.4835020837030913], "fid_scores": [360.2291050714481, 362.95999260968074, 360.2039281286764, 357.17028221812905, 358.25288811147453, 362.0125779620771, 358.02577012593224, 353.13686741329286], "fid_scores_epochs": [0, 5, 10, 15, 20, 25, 30, 34], "dataset": "square96_random0.001", "UNET_size": "small", "optimizer": "SGD", "seed": 4, "exited_loss_na": false, "execution_time": 183.39039619999994}