{"IMG_SIZE": 96, "BATCH_SIZE": 16, "LEARNING_RATE": 0.0001, "NUM_EPOCHS": 35, "NUM_GENERATE_IMAGES": 9, "NUM_TIMESTEPS": 500, "MIXED_PRECISION": "fp16", "GRADIENT_ACCUMULATION_STEPS": 1, "losses": [0.06905211865117675, 0.06538900387914558, 0.0619037556216905, 0.053081628660622396, 0.05204046625447901, 0.04839459689039933, 0.047723043337464334, 0.04652276814572121, 0.04150948722503687, 0.0422584085382129, 0.04068263599551038, 0.041338579719396015, 0.04144082213506887, 0.03780329285287543, 0.038278373036729665, 0.03749380043070567, 0.03819212340014545, 0.03891747402713487, 0.0353446261467118, 0.03672098792893322, 0.03569533206326397, 0.03636329505396517, 0.037089205190147224, 0.03382918123940104, 0.0349195803662664, 0.03437226608787712, 0.03505992003177342, 0.035735542307558814, 0.03278355619036838, 0.03377886083173125, 0.033459684997797015, 0.03423090273220288, 0.03500564373833569, 0.032245404351698724, 0.033339131162746956], "fid_scores": [254.47632626291386, 234.36998784778027, 194.41911319021162, 182.03324313384007, 177.4485288881961, 175.6545457363287, 179.89421849614422, 180.12629475353808], "fid_scores_epochs": [0, 5, 10, 15, 20, 25, 30, 34], "dataset": "square96_random0.005", "UNET_size": "small", "optimizer": "Adam", "seed": 0}