{"IMG_SIZE": 96, "BATCH_SIZE": 16, "LEARNING_RATE": 0.0001, "NUM_EPOCHS": 35, "NUM_GENERATE_IMAGES": 9, "NUM_TIMESTEPS": 500, "MIXED_PRECISION": "fp16", "GRADIENT_ACCUMULATION_STEPS": 1, "losses": [1.1780003954966862, 1.0174272085229557, 0.7663552314043045, 0.5042789522558451, 0.28867005184292793, 0.16980182162175575, 0.13400958307708302, 0.10502756418039401, 0.09452989612085123, 0.09507710540977617, 0.07994677576546867, 0.08287533116526902, 0.07421339993985991, 0.07665057457052171, 0.07667415022539596, 0.06991998261461656, 0.06844567856751382, 0.05688634468242526, 0.054641745829333864, 0.06062759362005939, 0.052868359217730664, 0.05892663495615125, 0.05455079181895902, 0.05892672281091412, 0.060977592249400914, 0.056503384723328054, 0.05700655374675989, 0.04783170386993637, 0.047098475702417396, 0.05361035047098994, 0.0472219477330024, 0.05352545634377748, 0.05040068497570852, 0.05537339916918427, 0.0580724534423401], "fid_scores": [326.31338600251524, 284.38310313636873, 249.84382309961256, 237.40922824064359, 239.34164356018408], "fid_scores_epochs": [0, 10, 20, 30, 34], "dataset": "square96_random0.0025", "UNET_size": "big", "optimizer": "Adam", "seed": 4, "exited_loss_na": false, "execution_time": 2247.025025499999}