{"IMG_SIZE": 96, "BATCH_SIZE": 16, "LEARNING_RATE": 0.0001, "NUM_EPOCHS": 35, "NUM_GENERATE_IMAGES": 9, "NUM_TIMESTEPS": 500, "MIXED_PRECISION": "fp16", "GRADIENT_ACCUMULATION_STEPS": 1, "losses": [1.0938479627172153, 1.093674470980962, 1.0919578820466995, 1.0916959196329117, 1.0913435717423756, 1.090600257118543, 1.0886531099677086, 1.087319239974022, 1.0870412463943164, 1.0840259194374084, 1.0825056657195091, 1.0809939925869305, 1.0793177808324497, 1.076621872683366, 1.0746975913643837, 1.0742349078257878, 1.0712091277043025, 1.0700686921676, 1.0690127139290173, 1.067909503976504, 1.0657832448681195, 1.0644367213050525, 1.0647611940900485, 1.0624793022871017, 1.0621987134218216, 1.0619809279839199, 1.0617061778903008, 1.0603686248262723, 1.0597700228293736, 1.060894598563512, 1.059334526459376, 1.059721479813258, 1.0600904673337936, 1.0603322734435399, 1.0594267224272091], "fid_scores": [355.41052025594337, 355.10562755073767, 355.2954931085722, 355.016356500456, 355.09837210257035, 350.49440882933834], "fid_scores_epochs": [0, 7, 14, 21, 28, 34], "dataset": "square96_random0.0025", "UNET_size": "mid", "optimizer": "SGD", "seed": 1, "exited_loss_na": false, "execution_time": 689.2813521000007}