{"IMG_SIZE": 96, "BATCH_SIZE": 16, "LEARNING_RATE": 0.0001, "NUM_EPOCHS": 35, "NUM_GENERATE_IMAGES": 9, "NUM_TIMESTEPS": 500, "MIXED_PRECISION": "fp16", "GRADIENT_ACCUMULATION_STEPS": 1, "losses": [1.0826317950298912, 1.0826121631421541, 1.0824113645051654, 1.0823705384605808, 1.0817272537632991, 1.081584095954895, 1.0822248772570962, 1.081923848704288, 1.0817731242430837, 1.0810109502390812, 1.0807674809506065, 1.0813215657284385, 1.080936871076885, 1.0806864249078851, 1.0798401832580566, 1.079483201629237, 1.0799145698547363, 1.079413941032008, 1.0790444298794395, 1.07808844666732, 1.0776454712215222, 1.0780117762716193, 1.0774295643756264, 1.076942713637101, 1.075881418428923, 1.0753493685471385, 1.07560638377541, 1.0749855982629877, 1.0744374739496332, 1.0734370758658962, 1.0730839716760736, 1.0736312113310162, 1.0733901764217175, 1.0732296830729435, 1.0726273310811896], "fid_scores": [354.52475329745386, 349.6589901923385, 349.7821808181986, 349.7789416386563, 349.8965947222041, 349.95225477051804, 349.9920729821356, 350.54170870299004], "fid_scores_epochs": [0, 5, 10, 15, 20, 25, 30, 34], "dataset": "square96_random0.001", "UNET_size": "small", "optimizer": "SGD", "seed": 2, "exited_loss_na": false, "execution_time": 177.13418110000003}