{"IMG_SIZE": 96, "BATCH_SIZE": 16, "LEARNING_RATE": 0.0001, "NUM_EPOCHS": 35, "NUM_GENERATE_IMAGES": 9, "NUM_TIMESTEPS": 500, "MIXED_PRECISION": "fp16", "GRADIENT_ACCUMULATION_STEPS": 1, "losses": [1.0826042702323513, 1.0824200040415715, 1.0818600717343783, 1.081275513297633, 1.0799203797390586, 1.0788494787718121, 1.0784255203447843, 1.0769054952420687, 1.0752741537596051, 1.0728831353940462, 1.0709041357040405, 1.0694966818156995, 1.0670877506858425, 1.064381611974616, 1.0610566892121966, 1.058183701414811, 1.0559043507826955, 1.0527316457346867, 1.0489789498479742, 1.0447544424157393, 1.0410969131871273, 1.037995457649231, 1.034163801293624, 1.0293495780543278, 1.024305080112658, 1.0199978477076481, 1.01613776307357, 1.0120753238075657, 1.0069072623001902, 1.0025519069872404, 0.9999867238496479, 0.9987478632675973, 0.9981962128689414, 0.9964229527272677, 0.995504125168449], "fid_scores": [354.5501913291012, 349.9306524680444, 350.1030342714448, 350.022726967529, 349.9631834990057, 349.6546734460917, 348.8845409903992, 349.5906464034508], "fid_scores_epochs": [0, 5, 10, 15, 20, 25, 30, 34], "dataset": "square96_random0.001", "UNET_size": "small", "optimizer": "SGD", "seed": 2, "exited_loss_na": false, "execution_time": 179.2221348}