{
    "IMG_SIZE": 96,
    "BATCH_SIZE": 16,
    "LEARNING_RATE": 0.001,
    "NUM_EPOCHS": 35,
    "NUM_GENERATE_IMAGES": 9,
    "NUM_TIMESTEPS": 500,
    "MIXED_PRECISION": "fp16",
    "GRADIENT_ACCUMULATION_STEPS": 1,
    "losses": [
        1.2058457285165787,
        1.1844249988595645,
        1.143480767806371,
        1.0885377451777458,
        1.02391188715895,
        0.9500683297713598,
        0.8660730049014091,
        0.7702676889797052,
        0.6745234603683153,
        0.5860642430682977,
        0.4821661567936341,
        0.41345698696871597,
        0.33658445719629526,
        0.2905669203028083,
        0.2525030514225364,
        0.2217072599257032,
        0.20208158188809952,
        0.17317615899567804,
        0.16158191114664078,
        0.16925307316705585,
        0.15203002467751503,
        0.16327725381900868,
        0.15392973382646838,
        0.16094714992990097,
        0.1637127036228776,
        0.16040411700184146,
        0.15883585484698415,
        0.141624734736979,
        0.1380423870868981,
        0.15069267728055516,
        0.13833410882701477,
        0.15180479005600014,
        0.1453313099530836,
        0.15419259201735258,
        0.15871738207836947
    ],
    "fid_scores": [
        321.0274161455783,
        321.32981518472155,
        302.86885569057745,
        301.1084825078705,
        307.8421486143525
    ],
    "fid_scores_epochs": [
        0,
        10,
        20,
        30,
        34
    ],
    "dataset": "square96_random0.0025",
    "UNET_size": "big",
    "optimizer": "SGD",
    "seed": 3,
    "exited_loss_na": false,
    "execution_time": 1527.8012161000006
}