{
    "IMG_SIZE": 96,
    "BATCH_SIZE": 16,
    "LEARNING_RATE": 0.0001,
    "NUM_EPOCHS": 50,
    "NUM_GENERATE_IMAGES": 9,
    "NUM_TIMESTEPS": 500,
    "MIXED_PRECISION": "fp16",
    "GRADIENT_ACCUMULATION_STEPS": 1,
    "losses": [
        0.006159182211482211,
        0.006159204368381516,
        0.006159213272315499,
        0.006159216322396931,
        0.006159164664629651,
        0.006159166547494303,
        0.00615911612250401,
        0.006159095408541984,
        0.006159079519688691,
        0.006159049254768577,
        0.006159027512675446,
        0.00615899047483445,
        0.006158974643576106,
        0.006158959177494245,
        0.006158938881401953,
        0.006158911403709728,
        0.006158899887783551,
        0.0061588747353342015,
        0.006158851486581721,
        0.006158823512592598,
        0.006158821292123512,
        0.00615879189419119,
        0.006158785558134121,
        0.0061587574162618505,
        0.006158761699732981,
        0.006158754977054502,
        0.006158736945546576,
        0.00615871400743919,
        0.006158712090262653,
        0.0061587359382476855,
        0.006158697070235288,
        0.006158693933761433,
        0.006158690213372833,
        0.0061586615212849884,
        0.006158677706690995,
        0.006158645874453022,
        0.00615865206407187,
        0.006158672542752404,
        0.006158662110101432,
        0.006158651196471366,
        0.00615864418765628,
        0.006158646345016007,
        0.006158641924910052,
        0.006158636498117918,
        0.006158637138402188,
        0.006158637417186248,
        0.0061586304083711615,
        0.006158626017675392,
        0.0061586271444531646,
        0.006158631758788895
    ],
    "fid_scores": [
        143.79735138312054,
        143.81993598076804,
        143.81297944502649,
        143.81889381761397,
        143.81783679683141,
        143.8411776873843,
        143.83353627300286,
        143.79566940720485,
        143.83522898764886,
        143.79056879995784,
        143.78707359224478,
        143.82466565119802,
        143.78988962617677,
        143.77383247216204,
        143.79001457314212,
        143.78169559502004,
        143.78549253407476,
        143.7862207456791,
        143.79624254769678,
        143.81793846426385,
        143.8303245312866,
        143.83856601143606,
        143.80381420881832,
        143.81703661040103,
        143.81480865933435,
        143.81942878028207,
        143.82372392386384,
        143.82832145193902,
        143.8021509652434,
        143.7951252919032,
        143.7857298612829,
        143.80030180148458,
        143.80878368943675,
        143.79328842005262,
        143.7988088801941,
        143.79160143050933,
        143.7915449104908,
        143.79592643327808,
        143.785020760563,
        143.7912623132345,
        143.784425208526,
        143.82303462876985,
        143.8001895383442,
        143.80817443067122,
        143.80638774148116,
        143.7990460300668,
        143.79438984817665,
        143.79400845623917,
        143.78131290420896,
        143.779116906394
    ],
    "dataset": "square96_random0.01",
    "UNET_size": "mid",
    "optimizer": "SGD"
}