{"IMG_SIZE": 96, "BATCH_SIZE": 16, "LEARNING_RATE": 0.0001, "NUM_EPOCHS": 50, "NUM_GENERATE_IMAGES": 9, "NUM_TIMESTEPS": 500, "MIXED_PRECISION": "fp16", "GRADIENT_ACCUMULATION_STEPS": 1, "losses": [0.024844136454263015, 0.03310421337373555, 0.033441553710910836, 0.030498972329262054, 0.0288680069124032, 0.027921343437935175, 0.026990803059092478, 0.025585194579080532, 0.025326156204468327, 0.02383015258972974, 0.023182850014908534, 0.022709692313678954, 0.021474145443521834, 0.021004995541941178, 0.02000084320867532, 0.019231898771402866, 0.018771254744282678, 0.018307497445493936, 0.017573825600802114, 0.016570001083279128, 0.01626430296363603, 0.01588970604107568, 0.015207719891087004, 0.014629601314663888, 0.014246496280018044, 0.013606359117272262, 0.013114307722763011, 0.012514343953348304, 0.011892104369441145, 0.01135680993749319, 0.010913784913473615, 0.010439372755047914, 0.009922251574646093, 0.009529977920465171, 0.009054047696439452, 0.008630316847886302, 0.008302417695277224, 0.00793659290372345, 0.007569721071539741, 0.007297299192041943, 0.007037137699386987, 0.006817385623550141, 0.006643801217433065, 0.006508377008752799, 0.006398081580961221, 0.00631253546851344, 0.006258445459810135, 0.0062243642230322095, 0.006201683935758315, 0.00616950594060319], "fid_scores": [172.3640513858447, 180.02012622088654, 171.49487492921503, 156.36103811681497, 159.11668071370568, 165.25236854075072, 151.912520007, 171.33204918031865, 162.7836204179046, 166.5759172034229, 191.82743130734184, 162.26701214844775, 150.64369808936135, 169.93579007195595, 172.29887174999072, 166.9015414287138, 143.2807737085539, 154.81585481234129, 158.83816712128313, 148.71810618259485, 150.64488703863438, 142.49875426614406, 143.44175313604615, 138.61462022095424, 138.55146110161792, 145.7079525966513, 137.9831050176146, 146.02328805759893, 157.51808340872643, 147.2750480637629, 163.8752250366247, 162.49204701254018, 158.14558078876132, 147.51137781375243, 149.3163175526702, 157.79039288528614, 154.3146157273288, 146.21779677697302, 144.4807488329052, 147.02668479928528, 146.40127344297073, 147.4714830027783, 148.7009913072859, 148.64957059732333, 146.693419245683, 145.41611994480843, 144.25277805323395, 143.7140700619757, 143.67998678502667, 143.75230837953103], "dataset": "square96_random0.01", "UNET_size": "mid", "optimizer": "Adam"}