{"IMG_SIZE": 128, "BATCH_SIZE": 8, "LEARNING_RATE": 0.0001, "NUM_EPOCHS": 5, "NUM_GENERATE_IMAGES": 9, "NUM_TIMESTEPS": 500, "MIXED_PRECISION": "fp16", "GRADIENT_ACCUMULATION_STEPS": 1, "losses": [1.0567708940882432, 0.5159591495206481, 0.15499367153173998, 0.10678803303131931, 0.07948448695242405], "dataset": "square128_random0.001", "UNET_size": "mid", "optimizer": "Adam", "seed": 0, "exited_loss_na": false, "execution_time": 38.8458029}