{"IMG_SIZE": 96, "BATCH_SIZE": 16, "LEARNING_RATE": 0.0001, "NUM_EPOCHS": 35, "NUM_GENERATE_IMAGES": 9, "NUM_TIMESTEPS": 500, "MIXED_PRECISION": "fp16", "GRADIENT_ACCUMULATION_STEPS": 1, "losses": [0.025866880993309773, 0.025754498484495437, 0.02573179182057318, 0.02416613736238919, 0.023980034980922937, 0.024841494049484793, 0.02573054495610689, 0.0254122478397269, 0.023683397667972665, 0.023325709807441423, 0.024052097148409016, 0.024848674919064107, 0.024431610127028665, 0.022743629742609826, 0.022381798075021882, 0.023089690678017704, 0.023836081842646788, 0.023384626567559807, 0.021769926643097088, 0.021448878242977355, 0.022164661638242635, 0.022963685743314654, 0.022554538962676337, 0.020988058940948625, 0.02071853794255539, 0.02146839269093777, 0.022298566433355996, 0.021963201673995507, 0.02046693945303559, 0.020266216238470455, 0.02106821108119268, 0.021955696841407763, 0.021673708002230053, 0.020252608248081647, 0.020089608592618453], "fid_scores": [163.56036884562755, 173.43796472003862, 174.67301109681227, 178.91804947774563, 176.8475033550189, 172.310126590208, 177.82700446413594, 180.28085513091114], "fid_scores_epochs": [0, 5, 10, 15, 20, 25, 30, 34], "dataset": "square96_random0.005", "UNET_size": "small", "optimizer": "Adam", "seed": 4, "exited_loss_na": false, "execution_time": 871.9953278999965}