{"IMG_SIZE": 96, "BATCH_SIZE": 16, "LEARNING_RATE": 0.0001, "NUM_EPOCHS": 35, "NUM_GENERATE_IMAGES": 9, "NUM_TIMESTEPS": 500, "MIXED_PRECISION": "fp16", "GRADIENT_ACCUMULATION_STEPS": 1, "losses": [1.1774862110614777, 1.0176522086064022, 0.7654328358670076, 0.5034323018044233, 0.2898992545281847, 0.16902504737178484, 0.13269964621091881, 0.10641421315570672, 0.09406203217804432, 0.09761507444394131, 0.08128210537446041, 0.08456600775631766, 0.0740284410615762, 0.07784496977304418, 0.07872734009288251, 0.06978155327184747, 0.06871658540330827, 0.057825591221141316, 0.05447467878305664, 0.063142745445172, 0.05396279681008309, 0.06012005052374055, 0.05472680080371598, 0.05982395001531889, 0.06230343086645007, 0.05656971766923865, 0.05679391782420377, 0.04869598747851948, 0.04675830578586707, 0.05534617831775298, 0.04825806986385336, 0.05477761170671632, 0.05036758278341343, 0.05623708455823362, 0.059372194577008486], "fid_scores": [321.73444818864544, 300.4899763711119, 275.96035975311526, 240.79918604244043, 234.43661081246924], "fid_scores_epochs": [0, 10, 20, 30, 34], "dataset": "square96_random0.0025", "UNET_size": "big", "optimizer": "Adam", "seed": 0, "exited_loss_na": false, "execution_time": 2233.6239962}