{
    "IMG_SIZE": 96,
    "BATCH_SIZE": 16,
    "LEARNING_RATE": 1e-05,
    "NUM_EPOCHS": 35,
    "NUM_GENERATE_IMAGES": 9,
    "NUM_TIMESTEPS": 500,
    "MIXED_PRECISION": "fp16",
    "GRADIENT_ACCUMULATION_STEPS": 1,
    "losses": [
        1.0717659294605255,
        0.949480672677358,
        0.7310758208235105,
        0.4878240196655194,
        0.2864705650135875,
        0.1726168650202453,
        0.13802046266694865,
        0.10922834447895487,
        0.10785731603391469,
        0.09610944256807367,
        0.09599182925497492,
        0.0938088980037719,
        0.08500015184593697,
        0.08312646307361622,
        0.06827446119859815,
        0.07337210047990084,
        0.06809395086020231,
        0.07173465673501293,
        0.0731725216222306,
        0.06724142570359011,
        0.06897172246438761,
        0.05668943941903611,
        0.06262767834899326,
        0.058636497628564634,
        0.06351831512680899,
        0.06607965496368706,
        0.06095467488436649,
        0.06335267191752791,
        0.05261593506050607,
        0.05908888624981046,
        0.0557559011116003,
        0.06097746818947295,
        0.06393304517647873,
        0.059296217863447964,
        0.06213076047909757
    ],
    "fid_scores": [
        353.92359409296125,
        290.1054417030357,
        279.08814793528126,
        267.85817624337227,
        257.06098437289785,
        261.2315181980305
    ],
    "fid_scores_epochs": [
        0,
        7,
        14,
        21,
        28,
        34
    ],
    "dataset": "square96_random0.0025",
    "UNET_size": "mid",
    "optimizer": "Adam",
    "seed": 3,
    "exited_loss_na": false,
    "execution_time": 952.4848408000016
}