{"IMG_SIZE": 96, "BATCH_SIZE": 16, "LEARNING_RATE": 0.0001, "NUM_EPOCHS": 35, "NUM_GENERATE_IMAGES": 9, "NUM_TIMESTEPS": 500, "MIXED_PRECISION": "fp16", "GRADIENT_ACCUMULATION_STEPS": 1, "losses": [1.2092838138341904, 1.2070440376798313, 1.2023901393016179, 1.1945261880755424, 1.1852199186881383, 1.1757696519295375, 1.1630005935827892, 1.151231162250042, 1.1356377825140953, 1.1171941061814625, 1.101150167485078, 1.081794947385788, 1.0633833135167758, 1.046861099700133, 1.031270610789458, 1.0170991892615955, 1.0021034131447475, 0.9876405869921049, 0.9749819400409857, 0.9649965825180212, 0.9532654757301012, 0.9465678011377653, 0.9361729646722475, 0.9308683114747206, 0.9255772940814495, 0.9203928286830584, 0.9150904801984628, 0.9082987556854883, 0.9052513688802719, 0.9058302156627178, 0.9015749034782251, 0.9047077732781569, 0.9016542273263136, 0.9037736554940542, 0.9046908840537071], "fid_scores": [323.06410995144375, 327.7004575084651, 331.67577919979067, 332.1175645500874, 331.5834697045526], "fid_scores_epochs": [0, 10, 20, 30, 34], "dataset": "square96_random0.0025", "UNET_size": "big", "optimizer": "SGD", "seed": 1, "exited_loss_na": false, "execution_time": 1532.306932899999}