{"IMG_SIZE": 96, "BATCH_SIZE": 16, "LEARNING_RATE": 0.0001, "NUM_EPOCHS": 35, "NUM_GENERATE_IMAGES": 9, "NUM_TIMESTEPS": 500, "MIXED_PRECISION": "fp16", "GRADIENT_ACCUMULATION_STEPS": 1, "losses": [1.0934745942552884, 1.0933018426100414, 1.091643400490284, 1.091450273990631, 1.0912376791238785, 1.0912802691260974, 1.0886234268546104, 1.0873199949661891, 1.0866876617074013, 1.0837277248501778, 1.0822652180989583, 1.0809014042218525, 1.0799391170342763, 1.0765771642327309, 1.0746954133113225, 1.0739157895247142, 1.0709386865297954, 1.0698345998922985, 1.068936012685299, 1.0684769824147224, 1.0657275443275769, 1.0644321143627167, 1.064466784397761, 1.06222353130579, 1.061968021094799, 1.0619089007377625, 1.06224891046683, 1.0603127578894298, 1.059765785932541, 1.0606025010347366, 1.0590851580103238, 1.0594968522588413, 1.0600225230058034, 1.0608682905634244, 1.059368538359801], "fid_scores": [352.5012709722134, 345.25768924419447, 345.4005101444856, 345.22415546022165, 345.2521281756801, 352.25093128013964], "fid_scores_epochs": [0, 7, 14, 21, 28, 34], "dataset": "square96_random0.0025", "UNET_size": "mid", "optimizer": "SGD", "seed": 3, "exited_loss_na": false, "execution_time": 684.4515308}