{"IMG_SIZE": 128, "BATCH_SIZE": 8, "LEARNING_RATE": 0.0001, "NUM_EPOCHS": 30, "NUM_GENERATE_IMAGES": 9, "NUM_TIMESTEPS": 500, "MIXED_PRECISION": "fp16", "GRADIENT_ACCUMULATION_STEPS": 1, "losses": [0.05091578855286663, 0.025001108916768867, 0.023375400553370673, 0.023077872123308214, 0.021613767903283884, 0.0220046017462632, 0.021238372597020484, 0.020968100343572552, 0.020940194364283682, 0.02044153365433879, 0.020278628878340893, 0.020174119283852463, 0.020037606603894396, 0.019747180861695485, 0.020094899718145064, 0.02016454140226659, 0.019324935695124994, 0.019495254343286587, 0.01959175026385538, 0.01933854431755532, 0.019571301490144632, 0.019103465439391898, 0.01943292106642108, 0.01898612872126305, 0.019056527963727633, 0.018851880776741624, 0.018897250434727866, 0.018659194987613828, 0.018799790836942935, 0.01868535001299131], "dataset": "square128_random0.1", "UNET_size": "mid", "optimizer": "Adam", "seed": 0, "exited_loss_na": false, "execution_time": 22387.2639712}