{"IMG_SIZE": 96, "BATCH_SIZE": 16, "LEARNING_RATE": 0.0001, "NUM_EPOCHS": 35, "NUM_GENERATE_IMAGES": 9, "NUM_TIMESTEPS": 500, "MIXED_PRECISION": "fp16", "GRADIENT_ACCUMULATION_STEPS": 1, "losses": [0.47134498025601107, 0.08570884292324384, 0.06395536234291892, 0.058888599276542664, 0.05469692645904919, NaN], "fid_scores": [295.3152686261711], "fid_scores_epochs": [0], "dataset": "square96_random0.0025", "UNET_size": "mid", "optimizer": "Adam", "seed": 3, "exited_loss_na": true, "execution_time": 160.03030569999828}