{"IMG_SIZE": 96, "BATCH_SIZE": 16, "LEARNING_RATE": 0.0001, "NUM_EPOCHS": 35, "NUM_GENERATE_IMAGES": 9, "NUM_TIMESTEPS": 500, "MIXED_PRECISION": "fp16", "GRADIENT_ACCUMULATION_STEPS": 1, "losses": [1.0807249420567562, 1.0830052651857074, 1.082731987300672, 1.0821137177316766, 1.0808046679747731, 1.0809021058835482, 1.0826174773667987, 1.0822434111645347, 1.0815157325644242, 1.0800898828004535, 1.080086538666173, 1.0817123086828935, 1.0812549214614064, 1.0804272262673629, 1.0789216317628558, 1.0788077994396812, 1.0802995719407733, 1.0797292496028699, 1.0787832674227262, 1.077175730153134, 1.0769745676141036, 1.0783915582456087, 1.0777412088293779, 1.076679555993331, 1.0749749949103908, 1.0746851030148958, 1.0759782728395964, 1.0752944067904824, 1.0741712294126813, 1.0725378237272565, 1.0724261810905056, 1.0739963807557757, 1.0736924660833258, 1.072962196249711, 1.0717330480876721], "fid_scores": [354.9095001117081, 362.4121486522211, 362.5583004807548, 362.57398825198095, 362.65947970345667, 362.8407379998864, 362.8032050093761, 358.8863267776964], "fid_scores_epochs": [0, 5, 10, 15, 20, 25, 30, 34], "dataset": "square96_random0.001", "UNET_size": "small", "optimizer": "SGD", "seed": 4, "exited_loss_na": false, "execution_time": 190.28140439999999}