{
    "IMG_SIZE": 96,
    "BATCH_SIZE": 16,
    "LEARNING_RATE": 0.0001,
    "NUM_EPOCHS": 35,
    "NUM_GENERATE_IMAGES": 9,
    "NUM_TIMESTEPS": 500,
    "MIXED_PRECISION": "fp16",
    "GRADIENT_ACCUMULATION_STEPS": 1,
    "losses": [
        1.0814656521144665,
        1.082622628462942,
        1.0825532612047697,
        1.0820160100334568,
        1.0812157141534906,
        1.0810140434064364,
        1.0822355998189825,
        1.0820649423097308,
        1.0814197251671238,
        1.0804998184505261,
        1.0802000949257298,
        1.0813312530517578,
        1.0810792069686086,
        1.080335403743543,
        1.0793306200127852,
        1.0789203079123246,
        1.0799200848529213,
        1.0795562957462512,
        1.07869595602939,
        1.0775815875906694,
        1.0770878038908307,
        1.0780159046775417,
        1.0775725465071828,
        1.0765983117254156,
        1.0753774642944336,
        1.0747992114016884,
        1.0756062331952547,
        1.075130349711368,
        1.0740954185787,
        1.072937626587717,
        1.0725417890046771,
        1.07362783582587,
        1.0735357999801636,
        1.0728937199241237,
        1.072135461004157
    ],
    "fid_scores": [
        351.74329527967734,
        357.081932729291,
        357.23995357724385,
        357.27109611129936,
        357.3868140480937,
        357.49416340025084,
        357.52578163966365,
        352.21160116989665
    ],
    "fid_scores_epochs": [
        0,
        5,
        10,
        15,
        20,
        25,
        30,
        34
    ],
    "dataset": "square96_random0.001",
    "UNET_size": "small",
    "optimizer": "SGD",
    "seed": 0,
    "exited_loss_na": false,
    "execution_time": 187.9309318
}