{"IMG_SIZE": 96, "BATCH_SIZE": 16, "LEARNING_RATE": 0.0001, "NUM_EPOCHS": 35, "NUM_GENERATE_IMAGES": 9, "NUM_TIMESTEPS": 500, "MIXED_PRECISION": "fp16", "GRADIENT_ACCUMULATION_STEPS": 1, "losses": [1.0745557720462482, 1.0364188725749652, 0.9565873605509599, 0.8489418116708597, 0.7229372449219227, 0.5864841615160307, 0.4539577929923932, 0.33207727999736864, 0.2595205397034685, 0.21360368250558773, 0.178338171603779, 0.15721748458842436, 0.1368852723389864, 0.13713042919213572, 0.13449820084497333, 0.12465345207601786, 0.11958217713981867, 0.10895126584606867, 0.11445183384542663, 0.11583299686511357, 0.10868229670450091, 0.10623622196726501, 0.09782341370979945, 0.10461339013030131, 0.1073920620450129, 0.1012710720145454, 0.10010666990031798, 0.09285985856937866, 0.10035039088688791, 0.10395503036367397, 0.09848401563552518, 0.09801705135032535, 0.0913873037789017, 0.0992943375216176, 0.1032819088237981], "fid_scores": [335.82636753433155, 334.47182988641305, 310.04046046489856, 303.63789224579773, 301.71262361158267, 300.59552992716294, 299.0754503877963, 291.24939013540256], "fid_scores_epochs": [0, 5, 10, 15, 20, 25, 30, 34], "dataset": "square96_random0.0025", "UNET_size": "small", "optimizer": "Adam", "seed": 0, "exited_loss_na": false, "execution_time": 427.0695066}