{"IMG_SIZE": 96, "BATCH_SIZE": 16, "LEARNING_RATE": 0.0001, "NUM_EPOCHS": 35, "NUM_GENERATE_IMAGES": 9, "NUM_TIMESTEPS": 500, "MIXED_PRECISION": "fp16", "GRADIENT_ACCUMULATION_STEPS": 1, "losses": [1.0845595921079318, 1.084442414343357, 1.0821591441829999, 1.0828603406747181, 1.0825668076674144, 1.0821248516440392, 1.0819041232268016, 1.0789565071463585, 1.0790489713350933, 1.0781366129716237, 1.0770490318536758, 1.0762709031502407, 1.0728993167479832, 1.0727870464324951, 1.0717830782135327, 1.0707545305291812, 1.070106031994025, 1.066953440507253, 1.0670908093452454, 1.0664004981517792, 1.0657168303926785, 1.0654306064049404, 1.062602122624715, 1.0631955067316692, 1.06292158861955, 1.0626281549533207, 1.0627185553312302, 1.0603165179491043, 1.0612995872894924, 1.061376579105854, 1.0614058325688045, 1.0618002836902936, 1.0596732844909031, 1.06087576597929, 1.0611359402537346], "fid_scores": [339.2496893308671, 337.42478279818897, 337.3670863973792, 337.121422335224, 337.17486649315583, 337.0266340429282, 337.0092523287496, 335.0663688599972], "fid_scores_epochs": [0, 5, 10, 15, 20, 25, 30, 34], "dataset": "square96_random0.0025", "UNET_size": "small", "optimizer": "SGD", "seed": 1, "exited_loss_na": false, "execution_time": 337.02123240000003}