{"IMG_SIZE": 96, "BATCH_SIZE": 16, "LEARNING_RATE": 0.0001, "NUM_EPOCHS": 35, "NUM_GENERATE_IMAGES": 9, "NUM_TIMESTEPS": 500, "MIXED_PRECISION": "fp16", "GRADIENT_ACCUMULATION_STEPS": 1, "losses": [0.994298804551363, 0.3231487642042339, 0.11100676252196233, 0.09278177679516375, 0.08388122737718125, 0.06896525004412979, 0.06351972697302699, 0.050074317414934434, 0.043556280938598015, 0.04966040161283066, 0.039627867129941784, 0.04543930717045441, 0.040237071206017085, 0.04278813380127152, 0.04568673557757089, 0.041402716267233096, 0.0399653067967544, 0.03317818390981605, 0.03146003988028193, 0.037085888092406094, 0.030890854618822534, 0.03600978653412312, 0.03306614097285395, 0.03642989881336689, 0.03878445131704211, 0.03464076064604645, 0.035136135683084525, 0.02972682932158932, 0.028296312123226624, 0.03348558287446698, 0.028113583529678483, 0.032961376574045666, 0.030569357564672828, 0.034231827788365386, 0.03677866580740859], "fid_scores": [327.5257871491358, 244.0584519877921, 232.98017796347008, 212.71271608527354, 212.74437829180346], "fid_scores_epochs": [0, 10, 20, 30, 34], "dataset": "square96_random0.0025", "UNET_size": "big", "optimizer": "Adam", "seed": 2, "exited_loss_na": false, "execution_time": 2270.980900600003}