{"IMG_SIZE": 96, "BATCH_SIZE": 16, "LEARNING_RATE": 0.0001, "NUM_EPOCHS": 35, "NUM_GENERATE_IMAGES": 9, "NUM_TIMESTEPS": 500, "MIXED_PRECISION": "fp16", "GRADIENT_ACCUMULATION_STEPS": 1, "losses": [1.0838238323728244, 1.0837072307864826, 1.0816252877314885, 1.0826691413919132, 1.082502084473769, 1.082505854467551, 1.0811743239561717, 1.0784328778584797, 1.0788521120945613, 1.078064816693465, 1.077409913142522, 1.0755548477172852, 1.0723928610483806, 1.0725810527801514, 1.0716989437739055, 1.0710878123839696, 1.0694031740228336, 1.0664661452174187, 1.066874382396539, 1.0663089901208878, 1.0660278797149658, 1.0647362197438877, 1.0621281837423642, 1.062975322206815, 1.062821884950002, 1.062931125362714, 1.0620315993825595, 1.0598465626438458, 1.061073052386443, 1.0612753604849179, 1.0617062970995903, 1.0611205225189526, 1.059203252196312, 1.060645339389642, 1.061034008860588], "fid_scores": [338.13598389266394, 334.0103175628491, 333.87996805820205, 333.73626252258293, 333.7146487053303, 333.6001852401895, 333.52143910835883, 338.1966344388876], "fid_scores_epochs": [0, 5, 10, 15, 20, 25, 30, 34], "dataset": "square96_random0.0025", "UNET_size": "small", "optimizer": "SGD", "seed": 4, "exited_loss_na": false, "execution_time": 321.7127270000001}