{
    "IMG_SIZE": 96,
    "BATCH_SIZE": 16,
    "LEARNING_RATE": 0.001,
    "NUM_EPOCHS": 35,
    "NUM_GENERATE_IMAGES": 9,
    "NUM_TIMESTEPS": 500,
    "MIXED_PRECISION": "fp16",
    "GRADIENT_ACCUMULATION_STEPS": 1,
    "losses": [
        1.0821063841382663,
        1.06975972900788,
        1.0440329611301422,
        1.0107076329489548,
        0.9688158656160036,
        0.9195895517865816,
        0.8642179258167744,
        0.7997511265178522,
        0.7388986783723036,
        0.6742873936891556,
        0.6050583943724632,
        0.5387716529270014,
        0.47399798035621643,
        0.43013323843479156,
        0.38988789916038513,
        0.3520310732225577,
        0.32077005474517745,
        0.29154182132333517,
        0.28265702600280446,
        0.27307494388272363,
        0.2594095502669613,
        0.2467728111272057,
        0.23254041622082391,
        0.2353718358402451,
        0.23536632861942053,
        0.2289056641360124,
        0.2221974457303683,
        0.2130463970825076,
        0.21992641345908245,
        0.22347328066825867,
        0.21980025246739388,
        0.2154616533468167,
        0.20830519869923592,
        0.21674321747074524,
        0.22153977335741123
    ],
    "fid_scores": [
        337.58854903947025,
        333.96271853931466,
        338.9313919784333,
        318.88785850155705,
        312.7597266423826,
        310.4908822903306,
        310.29841872301273,
        312.18809236557615
    ],
    "fid_scores_epochs": [
        0,
        5,
        10,
        15,
        20,
        25,
        30,
        34
    ],
    "dataset": "square96_random0.0025",
    "UNET_size": "small",
    "optimizer": "SGD",
    "seed": 2,
    "exited_loss_na": false,
    "execution_time": 322.0302686
}