{"IMG_SIZE": 96, "BATCH_SIZE": 16, "LEARNING_RATE": 0.0001, "NUM_EPOCHS": 35, "NUM_GENERATE_IMAGES": 9, "NUM_TIMESTEPS": 500, "MIXED_PRECISION": "fp16", "GRADIENT_ACCUMULATION_STEPS": 1, "losses": [1.010834140526621, 0.6148538529872895, 0.2256117560361561, 0.12124846161980378, 0.10104748328265391, 0.08762304688754835, 0.08089380640732614, 0.07511495587072875, 0.06534138184628989, 0.06391220971157677, 0.06042686775326729, 0.05986219550433912, 0.05863533872914942, 0.05236780539547142, 0.053193773074369684, 0.05125231938926797, 0.05174211306791557, 0.05164848791533395, 0.04677065403053635, 0.04804080940390888, 0.04682023635036067, 0.047783107114465616, 0.04818655009332456, 0.04380519809691529, 0.04528682943629591, 0.04444578564480731, 0.045612921536360915, 0.04628491116393554, 0.042324240231200266, 0.04390888194504537, 0.04340393160910983, 0.0446643991689933, 0.04555938452678292, 0.041847608012980535, 0.0435162345633695], "fid_scores": [327.15298043362685, 273.49027791893326, 250.49748403554227, 234.31026571669344, 223.16407806743098, 217.21385185544784, 210.96857095653053, 208.57510258748388], "fid_scores_epochs": [0, 5, 10, 15, 20, 25, 30, 34], "dataset": "square96_random0.005", "UNET_size": "mid", "optimizer": "Adam", "seed": 0}