{"IMG_SIZE": 96, "BATCH_SIZE": 16, "LEARNING_RATE": 0.0001, "NUM_EPOCHS": 35, "NUM_GENERATE_IMAGES": 9, "NUM_TIMESTEPS": 500, "MIXED_PRECISION": "fp16", "GRADIENT_ACCUMULATION_STEPS": 1, "losses": [0.9972921954958063, 0.5994569957256317, 0.2448621823599464, 0.12363222986459732, 0.09939513355493546, 0.09055707231163979, 0.08567786334376586, 0.08305543131734196, 0.06419555813466248, 0.0605691634118557, 0.058121959727845694, 0.059199590628084386, 0.06198502969192831, 0.04803952633550292, 0.04715510193062456, 0.046129465887421055, 0.0480583549330109, 0.05213664658367634, 0.04046590861521269, 0.04143951078386683, 0.04136354142898008, 0.04349611601547191, 0.049240845696706524, 0.037113768783839124, 0.03675379417836666, 0.03804217524042255, 0.04046658308882462, 0.0450029715307449, 0.03447557230921168, 0.034505284342326616, 0.03492177062128719, 0.03693157885419695, 0.04079366254767305, 0.031603842777641195, 0.031839138779201005], "fid_scores": [349.4559247607588, 311.98269003546557, 303.74437307303094, 282.6151889592717, 269.8377767764071, 275.63368947968905, 283.9666098930588, 279.2225752467332], "fid_scores_epochs": [0, 5, 10, 15, 20, 25, 30, 34], "dataset": "square96_random0.001", "UNET_size": "small", "optimizer": "Adam", "seed": 2, "exited_loss_na": false, "execution_time": 249.80038869999998}