{
    "IMG_SIZE": 96,
    "BATCH_SIZE": 16,
    "LEARNING_RATE": 0.001,
    "NUM_EPOCHS": 35,
    "NUM_GENERATE_IMAGES": 9,
    "NUM_TIMESTEPS": 500,
    "MIXED_PRECISION": "fp16",
    "GRADIENT_ACCUMULATION_STEPS": 1,
    "losses": [
        1.0905032182733219,
        1.0724173883597057,
        1.0365621770421665,
        0.9899206111828486,
        0.9331754371523857,
        0.8659313979248205,
        0.7876958598693212,
        0.6970017751057943,
        0.6190825675924619,
        0.5254913531243801,
        0.44915857786933583,
        0.3796306581546863,
        0.317108119217058,
        0.26796751903990906,
        0.2171619882186254,
        0.208328433179607,
        0.1867782797974845,
        0.18648976335922876,
        0.18402433271209398,
        0.17678024604295692,
        0.17191900592297316,
        0.15219097786272565,
        0.16152577847242355,
        0.15321337152272463,
        0.16047225271662077,
        0.16389131623630723,
        0.16092805083220205,
        0.15956406807526946,
        0.14261467242613435,
        0.15362325481449565,
        0.14721774185697237,
        0.15571241592988372,
        0.16033287408451238,
        0.15836069096500674,
        0.15783686159799495
    ],
    "fid_scores": [
        352.64070617070684,
        340.58596992976004,
        306.9042291065216,
        297.76488028540325,
        296.4234228030639,
        303.24659185022017
    ],
    "fid_scores_epochs": [
        0,
        7,
        14,
        21,
        28,
        34
    ],
    "dataset": "square96_random0.0025",
    "UNET_size": "mid",
    "optimizer": "SGD",
    "seed": 3,
    "exited_loss_na": false,
    "execution_time": 689.9425998000006
}