{
    "IMG_SIZE": 96,
    "BATCH_SIZE": 16,
    "LEARNING_RATE": 0.001,
    "NUM_EPOCHS": 35,
    "NUM_GENERATE_IMAGES": 9,
    "NUM_TIMESTEPS": 500,
    "MIXED_PRECISION": "fp16",
    "GRADIENT_ACCUMULATION_STEPS": 1,
    "losses": [
        0.5040971919273337,
        0.08616389256591599,
        0.06366309612834205,
        0.057898404193110764,
        NaN
    ],
    "fid_scores": [
        302.225078678774
    ],
    "fid_scores_epochs": [
        0
    ],
    "dataset": "square96_random0.0025",
    "UNET_size": "big",
    "optimizer": "Adam",
    "seed": 2,
    "exited_loss_na": true,
    "execution_time": 357.44326379999995
}