{
    "IMG_SIZE": 96,
    "BATCH_SIZE": 16,
    "LEARNING_RATE": 0.0001,
    "NUM_EPOCHS": 35,
    "NUM_GENERATE_IMAGES": 9,
    "NUM_TIMESTEPS": 500,
    "MIXED_PRECISION": "fp16",
    "GRADIENT_ACCUMULATION_STEPS": 1,
    "losses": [
        1.0837781007091205,
        1.082533322274685,
        1.0785641198356946,
        1.0755451967318852,
        1.0708955898880959,
        1.0653728197018306,
        1.0577379912137985,
        1.0476511095960934,
        1.0391795833905537,
        1.029233271876971,
        1.0184782495101292,
        1.0065681015451748,
        0.9931863136589527,
        0.983762347449859,
        0.9741401871045431,
        0.9646086543798447,
        0.9548688270151615,
        0.9435513094067574,
        0.9374115827182928,
        0.9309388572971026,
        0.9243044095734755,
        0.9176425263285637,
        0.9093135868509611,
        0.9069166034460068,
        0.9039060100913048,
        0.9004143488903841,
        0.8969226417442163,
        0.8915205796559652,
        0.8922722414135933,
        0.8920643180608749,
        0.891041699796915,
        0.8897833041846752,
        0.8863221431771914,
        0.8888085732857386,
        0.8899343783656756
    ],
    "fid_scores": [
        332.9376418857403,
        341.33306790162703,
        339.45683059289036,
        339.1387176795277,
        339.6412049459766,
        339.92098773925716,
        339.94789259342707,
        332.59134976962173
    ],
    "fid_scores_epochs": [
        0,
        5,
        10,
        15,
        20,
        25,
        30,
        34
    ],
    "dataset": "square96_random0.0025",
    "UNET_size": "small",
    "optimizer": "SGD",
    "seed": 0,
    "exited_loss_na": false,
    "execution_time": 321.6541212000002
}