{
    "IMG_SIZE": 96,
    "BATCH_SIZE": 16,
    "LEARNING_RATE": 1e-05,
    "NUM_EPOCHS": 35,
    "NUM_GENERATE_IMAGES": 9,
    "NUM_TIMESTEPS": 500,
    "MIXED_PRECISION": "fp16",
    "GRADIENT_ACCUMULATION_STEPS": 1,
    "losses": [
        1.071653311451276,
        0.9491024948656559,
        0.7305851976076762,
        0.48712581271926564,
        0.2852489097664754,
        0.17185236234217882,
        0.1371584925800562,
        0.1082635042257607,
        0.10839857424919803,
        0.09603238369648655,
        0.09596172588256498,
        0.09390854517308374,
        0.08527319909383853,
        0.08232262909101944,
        0.06821229378692806,
        0.07408782684554656,
        0.06791323213838041,
        0.07198681061466534,
        0.0737041214791437,
        0.067749777653565,
        0.06760676950216293,
        0.0564889944701766,
        0.06314094531505059,
        0.058818265330046415,
        0.06374165082039933,
        0.06622698596523453,
        0.06123073771595955,
        0.06213467203391095,
        0.05255911115091294,
        0.059524162827680506,
        0.05589862431709965,
        0.06121091424332311,
        0.06420634120392303,
        0.059697662674201034,
        0.06099144978603969
    ],
    "fid_scores": [
        355.59756391715206,
        299.12560575391996,
        292.4978410775503,
        273.74965293133306,
        266.4449371540511,
        266.03226766181683
    ],
    "fid_scores_epochs": [
        0,
        7,
        14,
        21,
        28,
        34
    ],
    "dataset": "square96_random0.0025",
    "UNET_size": "mid",
    "optimizer": "Adam",
    "seed": 4,
    "exited_loss_na": false,
    "execution_time": 963.4411455999998
}