{
    "IMG_SIZE": 96,
    "BATCH_SIZE": 16,
    "LEARNING_RATE": 0.001,
    "NUM_EPOCHS": 35,
    "NUM_GENERATE_IMAGES": 9,
    "NUM_TIMESTEPS": 500,
    "MIXED_PRECISION": "fp16",
    "GRADIENT_ACCUMULATION_STEPS": 1,
    "losses": [
        0.4877557121217251,
        0.08567717780048649,
        0.0640982761591052,
        0.05966517721147587,
        NaN
    ],
    "fid_scores": [
        304.31508501856445
    ],
    "fid_scores_epochs": [
        0
    ],
    "dataset": "square96_random0.0025",
    "UNET_size": "big",
    "optimizer": "Adam",
    "seed": 3,
    "exited_loss_na": true,
    "execution_time": 288.230465
}