{
    "IMG_SIZE": 96,
    "BATCH_SIZE": 16,
    "LEARNING_RATE": 0.0001,
    "NUM_EPOCHS": 35,
    "NUM_GENERATE_IMAGES": 9,
    "NUM_TIMESTEPS": 500,
    "MIXED_PRECISION": "fp16",
    "GRADIENT_ACCUMULATION_STEPS": 1,
    "losses": [
        1.080483969889189,
        1.0751343463596545,
        1.06198797727886,
        1.0420052440542924,
        1.0163177910603975,
        0.9855854040698001,
        0.9504089418210482,
        0.9100513019059834,
        0.8615791985863134,
        0.8111340340815092,
        0.760424626500983,
        0.7080048887353194,
        0.6572092959755346,
        0.5945269245850412,
        0.5389616191387177,
        0.48807043778268916,
        0.4392424994393399,
        0.39643892959544536,
        0.3394745117739627,
        0.3016444083891417,
        0.27152710368758753,
        0.24806231103445353,
        0.23108765639756856,
        0.19705352579292498,
        0.18574331073384537,
        0.17574302616872287,
        0.16964279154413625,
        0.16604005819872805,
        0.14292398330412412,
        0.14307752722188047,
        0.1419346787427601,
        0.14421173381178,
        0.14758402226786865,
        0.13031317019148878,
        0.13523375870365845
    ],
    "fid_scores": [
        351.77645555417774,
        357.3325913020746,
        349.92647108809194,
        348.16089002468425,
        339.74003048441386,
        331.46412007280634,
        330.6290646216889,
        326.8029366886303
    ],
    "fid_scores_epochs": [
        0,
        5,
        10,
        15,
        20,
        25,
        30,
        34
    ],
    "dataset": "square96_random0.001",
    "UNET_size": "small",
    "optimizer": "Adam",
    "seed": 0,
    "exited_loss_na": false,
    "execution_time": 229.5953472
}