{
    "IMG_SIZE": 128,
    "BATCH_SIZE": 16,
    "LEARNING_RATE": 0.0001,
    "NUM_EPOCHS": 100,
    "NUM_GENERATE_IMAGES": 9,
    "NUM_TIMESTEPS": 500,
    "MIXED_PRECISION": "fp16",
    "GRADIENT_ACCUMULATION_STEPS": 1,
    "losses": [
        0.10040217843693054,
        0.03150224552777323,
        0.02819871724556178,
        0.026819603360629097,
        0.025608106006162933,
        0.024895309078652107,
        0.02387833592425393,
        0.024107089516827173,
        0.023658442049284804,
        0.023395963232241825,
        0.023133410466712037,
        0.022736010872476335,
        0.022717001178058596,
        0.02242547126196934,
        0.022453492604402485,
        0.02260266366073159,
        0.022102234337606656,
        0.022314151147218287,
        0.02163285793844699,
        0.021880940286722772,
        0.02166695127529055,
        0.02178995614173505,
        0.021670625509944866,
        0.021479238207036712,
        0.02167628378899753,
        0.021099342810515915,
        0.02158951308445558,
        0.02124909763285856,
        0.021483468521376555,
        0.021262776464135397,
        0.02111861910376118,
        0.02115357119300081,
        0.021115448953962262,
        0.020993341678031043,
        0.021216122115075117,
        0.021217835096195143,
        0.02083670733543236,
        0.021046945828536532,
        0.02080662503696015,
        0.020541320962335,
        0.020623896209803216,
        0.020805276523400737,
        0.02063315618871699,
        0.02043871011825814,
        0.020723013840566604,
        0.02037008842871104,
        0.020897415759764355,
        0.020702045209617367,
        0.020185696679145333,
        0.02039826648201705,
        0.020612970573488515,
        0.020733855156311494,
        0.02057764634175477,
        0.0204761702606656,
        0.0202538646300542,
        0.020156807077699648,
        0.02057455581340123,
        0.020610201040081346,
        0.020538705973922815,
        0.020400819772643117,
        0.020357046534103345,
        0.0197629879331978,
        0.020187416595055435,
        0.020081188393594563,
        0.020231599137580176,
        0.019902223750142906,
        0.02016200339065319,
        0.020166919019692493,
        0.020044283626606013,
        0.019463848214508046,
        0.019987613017029452,
        0.020343447665593005,
        0.02006067208709849,
        0.019902719858306456,
        0.020243208615310825,
        0.019802296713564673,
        0.019767117988082304,
        0.020156475576992322,
        0.01978954015137495,
        0.019850520231321177,
        0.020152499538534235,
        0.01974654985901391,
        0.020043900069635665,
        0.01979977769732947,
        0.020134273845220776,
        0.019171820053496547,
        0.020033574976656084,
        0.019533957735239714,
        0.019612064095592435,
        0.020133336435629933,
        0.01981351014219303,
        0.01999654904189753,
        0.019521572872490123,
        0.01961271390589175,
        0.019725583653680802,
        0.01994204887196343,
        0.019849645250076355,
        0.019494657618875828,
        0.019609635318617157,
        0.019730742164398483
    ],
    "fid_scores": [],
    "dataset": "square128_random0.1",
    "UNET_size": "small",
    "optimizer": "Adam"
}