{"IMG_SIZE": 96, "BATCH_SIZE": 16, "LEARNING_RATE": 0.0001, "NUM_EPOCHS": 35, "NUM_GENERATE_IMAGES": 9, "NUM_TIMESTEPS": 500, "MIXED_PRECISION": "fp16", "GRADIENT_ACCUMULATION_STEPS": 1, "losses": [1.0733939409255981, 1.0122293265242326, 0.9013509060207167, 0.7496251244294015, 0.5801633235655332, 0.42227347744138616, 0.2951124169324574, 0.21787559437124351, 0.15838765980381714, 0.1380535462184956, 0.12558350319925107, 0.12023943270507612, 0.11710946771659349, 0.09644957494578864, 0.09547358516015504, 0.0918503268376777, 0.09172855356806203, 0.09273766353726387, 0.07516048476099968, 0.07670855365301434, 0.07377105990522786, 0.07563200514567525, 0.07846981188968609, 0.06211734935641289, 0.06490481488014523, 0.06246938772107426, 0.0646160103772816, 0.068361270976694, 0.05364480340167096, 0.05667590026400591, 0.05522515105181619, 0.05808971616390504, 0.06249778443261197, 0.04993764820851778, 0.05368837331862826], "fid_scores": [360.0214018808355, 348.7977565288406, 337.76979814805924, 328.2876234840801, 314.827711934163, 302.81422862993736, 296.117277804792, 293.3883095579625], "fid_scores_epochs": [0, 5, 10, 15, 20, 25, 30, 34], "dataset": "square96_random0.001", "UNET_size": "small", "optimizer": "Adam", "seed": 4, "exited_loss_na": false, "execution_time": 239.99642870000002}