{
    "IMG_SIZE": 96,
    "BATCH_SIZE": 16,
    "LEARNING_RATE": 0.001,
    "NUM_EPOCHS": 35,
    "NUM_GENERATE_IMAGES": 9,
    "NUM_TIMESTEPS": 500,
    "MIXED_PRECISION": "fp16",
    "GRADIENT_ACCUMULATION_STEPS": 1,
    "losses": [
        0.5050423280335963,
        0.08719138048278789,
        0.062866713386029,
        0.061779178329743445,
        0.05579519834524641,
        NaN
    ],
    "fid_scores": [
        298.5045345624511
    ],
    "fid_scores_epochs": [
        0
    ],
    "dataset": "square96_random0.0025",
    "UNET_size": "big",
    "optimizer": "Adam",
    "seed": 4,
    "exited_loss_na": true,
    "execution_time": 303.5630366
}