{"IMG_SIZE": 96, "BATCH_SIZE": 16, "LEARNING_RATE": 0.0001, "NUM_EPOCHS": 35, "NUM_GENERATE_IMAGES": 9, "NUM_TIMESTEPS": 500, "MIXED_PRECISION": "fp16", "GRADIENT_ACCUMULATION_STEPS": 1, "losses": [1.0816497489025718, 1.0750235256395841, 1.0618247107455605, 1.0424380490654392, 1.0165968411847164, 0.9857559392326757, 0.9504548468087849, 0.9098961667010659, 0.8616532432405573, 0.8106965861822429, 0.7601877137234336, 0.7082286132009405, 0.6572779040587576, 0.5946389248496607, 0.5382439541189294, 0.4877590615498392, 0.4390005532063936, 0.39627628106819957, 0.34028243391137375, 0.29984952274121734, 0.2711904582224394, 0.24761958812412463, 0.23077530609933952, 0.19881262198874824, 0.18310458801294627, 0.17534356446642624, 0.16913218913893951, 0.1655326560139656, 0.14508765582975588, 0.1400786324551231, 0.14136411759414172, 0.14364885107467049, 0.14701492692294874, 0.13256781234552986, 0.1321951299905777], "fid_scores": [354.3810559543606, 349.92750419080767, 342.6996819463684, 341.7248355723598, 333.3819580714221, 324.3153213045821, 323.48997083239954, 325.9608914037715], "fid_scores_epochs": [0, 5, 10, 15, 20, 25, 30, 34], "dataset": "square96_random0.001", "UNET_size": "small", "optimizer": "Adam", "seed": 2, "exited_loss_na": false, "execution_time": 240.41600319999998}