{"IMG_SIZE": 96, "BATCH_SIZE": 16, "LEARNING_RATE": 0.0001, "NUM_EPOCHS": 50, "NUM_GENERATE_IMAGES": 9, "NUM_TIMESTEPS": 500, "MIXED_PRECISION": "fp16", "GRADIENT_ACCUMULATION_STEPS": 1, "losses": [0.015184207922337871, 0.01518418656686615, 0.015184158857568707, 0.015184182819518211, 0.015184108484046239, 0.015183992427773773, 0.015183900819944316, 0.015183876588401434, 0.01518380051405218, 0.015183720291641199, 0.01518368342964861, 0.015183601032109246, 0.015183523019138527, 0.015183467605445337, 0.01518338886089623, 0.015183345072804706, 0.015183291720275424, 0.01518325070041771, 0.015183175552489334, 0.01518312082503383, 0.01518309650280954, 0.015183040841580614, 0.015183018010697867, 0.015182957441644057, 0.015182904368511548, 0.015182857051197636, 0.015182808434933815, 0.015182762890809068, 0.015182736558888696, 0.015182724525220691, 0.015182701979861839, 0.015182652942052012, 0.015182629786431789, 0.015182619033332326, 0.01518262946659601, 0.015182626898106384, 0.015182556751135149, 0.01518256572124205, 0.015182586542428716, 0.01518252853818826, 0.015182557445950807, 0.015182520635426045, 0.015182537715391893, 0.015182530094477299, 0.015182536806126959, 0.015182506041846386, 0.015182521957659015, 0.015182502698888512, 0.015182492352629962, 0.01518250945955515], "fid_scores": [147.9702256181114, 147.96275577484954, 148.02533005540866, 148.02045947472163, 148.03079613445925, 148.09070793730808, 148.0704994068016, 148.01362785106713, 148.02825757785848, 148.03873601657057, 148.07285920988602, 148.04082204698102, 148.0723167640182, 148.06528033554764, 148.00515526319342, 148.04308527266892, 148.03573826176716, 147.98806788721967, 148.02711848439776, 148.02989928650348, 148.02784490713478, 148.03350106849047, 147.9601550444247, 148.00275248821782, 148.01982001549837, 147.99353366739166, 148.01337960760145, 147.9937404076682, 148.00432151101836, 147.9889279196399, 147.98934287566885, 147.98600359970644, 147.97123789234627, 147.96021639982712, 147.98261139245497, 148.02599463119037, 148.01583527317888, 148.00845321079078, 148.0456106914854, 147.98653785825584, 147.99213906685065, 148.0017243616674, 148.01913561763865, 147.99909763532034, 147.97788520526137, 147.99797114400775, 147.99549487969603, 147.9824230657892, 147.97171982732183, 147.9852666245025], "dataset": "square96_random0.01", "UNET_size": "big", "optimizer": "SGD"}