{"IMG_SIZE": 96, "BATCH_SIZE": 16, "LEARNING_RATE": 0.0001, "NUM_EPOCHS": 50, "NUM_GENERATE_IMAGES": 9, "NUM_TIMESTEPS": 500, "MIXED_PRECISION": "fp16", "GRADIENT_ACCUMULATION_STEPS": 1, "losses": [0.809891394094417, 0.167066564214857, 0.08918323801144173, 0.07028555289695138, 0.06037504770057766, 0.05416713880473062, 0.049694429171320637, 0.046252426240397125, 0.04367244832805897, 0.04160628598183393, 0.03994748214945981, 0.038415506668388846, 0.03707055413703385, 0.0356316547203613, 0.03460909172304367, 0.033600955941763364, 0.03293940075918248, 0.032098740922581206, 0.031008906892843937, 0.030237988010048865, 0.029541529938088437, 0.02890781695513349, 0.028526743121543213, 0.028034292766824363, 0.02751678908733945, 0.026914547222029222, 0.026378238674155192, 0.02594710345576076, 0.025489969044237545, 0.025069193515044295, 0.02470942879781911, 0.02442614626580555, 0.024298703033281, 0.023962787903943343, 0.0235827349028305, 0.023180010718734642, 0.022874051859406264, 0.022653479803059446, 0.022465540890238788, 0.022295589093118906, 0.02215505805797875, 0.02204584396983448, 0.021969807723929223, 0.021918576073489692, 0.02188062555107631, 0.02186565792776252, 0.021868552289609062, 0.021868897104439768, 0.021835063736101515, 0.021787729920623333], "fid_scores": [295.6837701702053, 265.97668364106596, 263.1912512164014, 250.17683858302976, 229.15074790946693, 206.3722562263363, 202.8338373679107, 190.78625744178527, 178.66291236554278, 171.48761201946505, 182.111959646127, 201.78271839019564, 167.72835560307286, 162.10385336656657, 171.21393601446496, 177.22947577184283, 158.99418298609524, 155.84843895470146, 157.02797652190137, 157.4704764837958, 149.414358560394, 147.60403362081084, 155.8768928455839, 158.9920160693244, 157.02458023730685, 157.78756870461663, 158.49048717956626, 154.22293013606415, 150.40194008100343, 152.35866628837414, 158.29847998785064, 161.8615044727287, 151.846114573911, 150.96342854952664, 154.76719003698275, 152.1110636969973, 151.92090901420195, 151.8307598103912, 152.70098755884385, 150.95951244832372, 150.7351344930651, 149.41460923115275, 150.28049826176544, 150.16050076396826, 148.62012525407957, 147.8663270255355, 147.7678218296726, 150.61927642440767, 151.16116299625858, 151.01155735242241], "dataset": "square96_random0.01", "UNET_size": "mid", "optimizer": "Adam"}