{
    "IMG_SIZE": 96,
    "BATCH_SIZE": 16,
    "LEARNING_RATE": 0.001,
    "NUM_EPOCHS": 35,
    "NUM_GENERATE_IMAGES": 9,
    "NUM_TIMESTEPS": 500,
    "MIXED_PRECISION": "fp16",
    "GRADIENT_ACCUMULATION_STEPS": 1,
    "losses": [
        0.7007333726311723,
        0.13603689746620753,
        0.08594428755653401,
        0.0758326593010376,
        0.06991168429764609,
        0.057310049422085285,
        0.052428899837347366,
        0.04581731123228868,
        0.04764032666571438,
        0.050449713598936796,
        0.04912642088796323,
        NaN
    ],
    "fid_scores": [
        315.6613556199404,
        254.75041656796054,
        342.7466295867724
    ],
    "fid_scores_epochs": [
        0,
        5,
        10
    ],
    "dataset": "square96_random0.0025",
    "UNET_size": "small",
    "optimizer": "Adam",
    "seed": 2,
    "exited_loss_na": true,
    "execution_time": 165.44199650000064
}