{"IMG_SIZE": 96, "BATCH_SIZE": 16, "LEARNING_RATE": 0.0001, "NUM_EPOCHS": 50, "NUM_GENERATE_IMAGES": 9, "NUM_TIMESTEPS": 500, "MIXED_PRECISION": "fp16", "GRADIENT_ACCUMULATION_STEPS": 1, "losses": [0.01577457002069997, 0.01577462501774885, 0.01577460165870817, 0.015774589617687622, 0.01577454111416285, 0.015774414498407982, 0.015774323277812648, 0.015774286190341963, 0.01577423053278931, 0.015774160559828346, 0.015774044632225443, 0.015773987308095552, 0.015773898443991418, 0.015773871717484372, 0.015773794204486827, 0.015773740355660648, 0.015773641360972666, 0.015773630186327194, 0.015773535122800813, 0.015773479799789034, 0.015773416120607994, 0.01577335037045965, 0.015773366325485864, 0.015773301223587048, 0.015773240294258452, 0.01577318438304294, 0.015773141653718133, 0.01577308646795389, 0.01577303000284653, 0.015773036708369065, 0.015773028583805027, 0.015772989688833294, 0.015773004034877216, 0.01577296450758647, 0.015772950508337664, 0.015772928601424947, 0.01577291991194024, 0.01577290349983071, 0.015772864587703033, 0.015772845772536178, 0.015772829209699444, 0.01577285887722514, 0.015772881614975632, 0.01577286379730427, 0.01577283432829733, 0.015772786783054472, 0.01577279429490629, 0.01577282338035538, 0.015772874674171603, 0.015772821420901702], "fid_scores": [144.99742443266362, 145.02622544971817, 144.97860936348405, 144.98659533862178, 145.02901592379334, 144.986234884642, 145.0493710269128, 145.03272203536784, 144.98920190270397, 145.01120726455926, 144.9601463975158, 145.01642796771762, 144.9769377155733, 144.9302969587281, 144.93068810472107, 144.9950638991854, 145.008151378516, 145.00275570733015, 144.9732199457168, 144.99556082386542, 144.94874612063933, 144.98433056387327, 144.9601180514542, 145.0308409241337, 144.97173808535365, 144.97351720700516, 144.99805969070516, 144.93952963696174, 144.8964817360194, 144.96114294660543, 144.9122617679611, 144.96799385595878, 144.87511313232946, 144.90456584440278, 144.97034029950674, 144.97564781425905, 144.91443492662754, 144.90808686338636, 144.88669577921644, 144.919850567247, 144.9082156099608, 144.9041800515178, 144.87171256698565, 144.88982142483047, 144.90428638010235, 144.90262503952113, 144.89801245962965, 144.89122981009865, 144.88464992917483, 144.90325175400085], "dataset": "square96_random0.01", "UNET_size": "small", "optimizer": "SGD"}