{
    "IMG_SIZE": 96,
    "BATCH_SIZE": 16,
    "LEARNING_RATE": 0.001,
    "NUM_EPOCHS": 35,
    "NUM_GENERATE_IMAGES": 9,
    "NUM_TIMESTEPS": 500,
    "MIXED_PRECISION": "fp16",
    "GRADIENT_ACCUMULATION_STEPS": 1,
    "losses": [
        1.2058240845799446,
        1.1844169025619824,
        1.143778997162978,
        1.088404193520546,
        1.0239497025807698,
        0.9497851791481177,
        0.8656618607540926,
        0.7700968260566393,
        0.6734502377609412,
        0.5863144360482693,
        0.4817907363176346,
        0.41439795307815075,
        0.3359894299258788,
        0.28969197378804284,
        0.25259413414945203,
        0.22057036589831114,
        0.20100069480637708,
        0.17334677667046586,
        0.16098124782244363,
        0.17050053691491485,
        0.15220922464504838,
        0.16517811206479868,
        0.15257822520410022,
        0.16090692843620977,
        0.16399626961598793,
        0.15932660068695745,
        0.15746069885790348,
        0.14193278132006526,
        0.13750129550074539,
        0.15200682372475663,
        0.13854567877327403,
        0.15370664404084286,
        0.14394294967254004,
        0.15423269864792624,
        0.15900585955629745
    ],
    "fid_scores": [
        317.0579798998875,
        329.4210911341676,
        310.28773048129955,
        308.7351402317578,
        301.9986433975665
    ],
    "fid_scores_epochs": [
        0,
        10,
        20,
        30,
        34
    ],
    "dataset": "square96_random0.0025",
    "UNET_size": "big",
    "optimizer": "SGD",
    "seed": 0,
    "exited_loss_na": false,
    "execution_time": 1532.451342100001
}