{
    "IMG_SIZE": 96,
    "BATCH_SIZE": 16,
    "LEARNING_RATE": 0.0001,
    "NUM_EPOCHS": 35,
    "NUM_GENERATE_IMAGES": 9,
    "NUM_TIMESTEPS": 500,
    "MIXED_PRECISION": "fp16",
    "GRADIENT_ACCUMULATION_STEPS": 1,
    "losses": [
        1.0930767705043156,
        1.0911927272876103,
        1.0864606002966564,
        1.0813739250103633,
        1.0740793570876122,
        1.0655019332965214,
        1.0542439594864845,
        1.0420581474900246,
        1.0298957526683807,
        1.014033208290736,
        0.9993097757299741,
        0.9838984832167625,
        0.9686146974563599,
        0.9529542115827402,
        0.9364582796891531,
        0.9260002089043459,
        0.9109224379062653,
        0.9010570185879866,
        0.890790831297636,
        0.8801646580298742,
        0.8699789606034756,
        0.8572270385921001,
        0.8545636249085268,
        0.8450386946400007,
        0.8423590324819088,
        0.8385958832999071,
        0.8339461088180542,
        0.8298659063875675,
        0.8221187380452951,
        0.8258487557371458,
        0.8213762578864893,
        0.823830479135116,
        0.824412594238917,
        0.8234392913679282,
        0.8225403365989526
    ],
    "fid_scores": [
        353.9921646543461,
        354.98321007686775,
        357.85547683153186,
        355.6505936511886,
        355.13281565888593,
        358.08467477401314
    ],
    "fid_scores_epochs": [
        0,
        7,
        14,
        21,
        28,
        34
    ],
    "dataset": "square96_random0.0025",
    "UNET_size": "mid",
    "optimizer": "SGD",
    "seed": 2,
    "exited_loss_na": false,
    "execution_time": 690.675363100001
}