{"IMG_SIZE": 96, "BATCH_SIZE": 16, "LEARNING_RATE": 0.0001, "NUM_EPOCHS": 35, "NUM_GENERATE_IMAGES": 9, "NUM_TIMESTEPS": 500, "MIXED_PRECISION": "fp16", "GRADIENT_ACCUMULATION_STEPS": 1, "losses": [1.0814366905312789, 1.0824309085544788, 1.082002369981063, 1.0809230616218166, 1.0794111490249634, 1.0782872250205593, 1.0784313615999723, 1.077046231219643, 1.0749323430814242, 1.072381948169909, 1.0703664955339933, 1.0694898492411564, 1.0672308959459003, 1.0640574442712885, 1.0605710933082981, 1.0576817173706858, 1.0558808853751736, 1.0528718358591984, 1.0486801737233211, 1.044296013681512, 1.0406427822614972, 1.0379472782737331, 1.034297591761539, 1.0290813634270115, 1.0238766544743587, 1.019595372049432, 1.016061688724317, 1.0121926477080898, 1.006673160352205, 1.002149312119735, 0.9996351568322432, 0.9986518119510851, 0.998318424350337, 0.9962071619535747, 0.9951159671733254], "fid_scores": [351.7418771376149, 357.3494406987098, 357.6721129212731, 357.583020409372, 357.58209908298056, 357.41971303524133, 356.64291307689723, 351.5192411918976], "fid_scores_epochs": [0, 5, 10, 15, 20, 25, 30, 34], "dataset": "square96_random0.001", "UNET_size": "small", "optimizer": "SGD", "seed": 0, "exited_loss_na": false, "execution_time": 189.3032753}