{"IMG_SIZE": 96, "BATCH_SIZE": 16, "LEARNING_RATE": 0.0001, "NUM_EPOCHS": 35, "NUM_GENERATE_IMAGES": 9, "NUM_TIMESTEPS": 500, "MIXED_PRECISION": "fp16", "GRADIENT_ACCUMULATION_STEPS": 1, "losses": [1.2090090240041416, 1.206779380639394, 1.2023459350069363, 1.1945464337865512, 1.1855067585905392, 1.1755226328969002, 1.1627571657299995, 1.1511218597491581, 1.13543335100015, 1.1174111713965733, 1.1008101453383763, 1.0819395606716473, 1.0634728446602821, 1.04669343183438, 1.0313617587089539, 1.0166007652878761, 1.0017310318847497, 0.9877197295427322, 0.9747495278716087, 0.9651975991825262, 0.9529424421489239, 0.9467889132599036, 0.9362862259149551, 0.9307164885103703, 0.9255817246933778, 0.9198882368703684, 0.9146942247947057, 0.9084161619345347, 0.9049154035747051, 0.906008659551541, 0.9013229484359423, 0.9049357697367668, 0.901769923667113, 0.903613860408465, 0.9046723668773969], "fid_scores": [316.74534814008143, 333.3502681182685, 337.33164134154947, 337.780492725968, 330.1023486919797], "fid_scores_epochs": [0, 10, 20, 30, 34], "dataset": "square96_random0.0025", "UNET_size": "big", "optimizer": "SGD", "seed": 0, "exited_loss_na": false, "execution_time": 1532.1941929999994}