{
    "IMG_SIZE": 96,
    "BATCH_SIZE": 16,
    "LEARNING_RATE": 1e-05,
    "NUM_EPOCHS": 35,
    "NUM_GENERATE_IMAGES": 9,
    "NUM_TIMESTEPS": 500,
    "MIXED_PRECISION": "fp16",
    "GRADIENT_ACCUMULATION_STEPS": 1,
    "losses": [
        1.2096073850989342,
        1.2094029511014621,
        1.2088093012571335,
        1.2068322996298473,
        1.2052239378293355,
        1.205086037516594,
        1.2035052279631298,
        1.204826792081197,
        1.203105924030145,
        1.1984890749057133,
        1.1994973892966907,
        1.1950226202607155,
        1.1925820584098499,
        1.189188266793887,
        1.186380073428154,
        1.1853884731729825,
        1.183060683310032,
        1.1838611190517743,
        1.1822038392225902,
        1.1782117287317913,
        1.1798011759916942,
        1.1763213003675144,
        1.1749210208654404,
        1.1728171457846959,
        1.1712935715913773,
        1.1716062277555466,
        1.1705103317896526,
        1.172522634267807,
        1.1722187822063763,
        1.169693482418855,
        1.1724561552206676,
        1.1702387606104214,
        1.1699674775203068,
        1.168912686407566,
        1.1682990938425064
    ],
    "fid_scores": [
        322.9598389248914,
        320.6439566168687,
        321.50114539558956,
        321.821542253294,
        321.62005597349787
    ],
    "fid_scores_epochs": [
        0,
        10,
        20,
        30,
        34
    ],
    "dataset": "square96_random0.0025",
    "UNET_size": "big",
    "optimizer": "SGD",
    "seed": 1,
    "exited_loss_na": false,
    "execution_time": 1528.2389573
}