{"IMG_SIZE": 96, "BATCH_SIZE": 16, "LEARNING_RATE": 0.0001, "NUM_EPOCHS": 50, "NUM_GENERATE_IMAGES": 9, "NUM_TIMESTEPS": 500, "MIXED_PRECISION": "fp16", "GRADIENT_ACCUMULATION_STEPS": 1, "losses": [0.03684619288695486, 0.039206142262800746, 0.038500021927450834, 0.03674309986986612, 0.0349938180640732, 0.03361714726902152, 0.032449030145806704, 0.03194054508777826, 0.030879180270590282, 0.029805070326026334, 0.029461093295953776, 0.0285243540021934, 0.02762525772038651, 0.027575890614504092, 0.027292048950728617, 0.0261615053971151, 0.025555921559173026, 0.024903515008229175, 0.02448882283887973, 0.023957345722929426, 0.023497288656960193, 0.023116271332592555, 0.022660019047754377, 0.02228155079983959, 0.021825672181225136, 0.02148495203276214, 0.02092758917592858, 0.02036000386517691, 0.019956331344713505, 0.01973911890465962, 0.01917081934056784, 0.018742962191371542, 0.018387101112717862, 0.018037034156977345, 0.01768337256201592, 0.017341725441235068, 0.017049552054193458, 0.0167239234464145, 0.016419483009284655, 0.016123975809712553, 0.015907148851424847, 0.015738478881355964, 0.015599602714524066, 0.015493879042026636, 0.015407396065022208, 0.015343079916936786, 0.01530126187411186, 0.015266807319743461, 0.015228415855304583, 0.015192395783225565], "fid_scores": [183.5595728274881, 204.3533796809073, 190.8160533972638, 165.11950973274136, 156.12570777701555, 161.94328717784072, 165.0570605603745, 160.6694566066809, 173.2952145978952, 156.4475664186439, 165.17342577107672, 150.31569606642702, 151.88776179725016, 149.33915390487908, 151.84477279552885, 151.86304873915532, 150.47803137438723, 159.68685369822416, 161.00575510902195, 167.4083269014139, 153.25764975974806, 151.5946583237647, 158.06933885686541, 169.57958849785493, 152.6356351337551, 166.94918687079732, 161.94275251259242, 151.94753952015196, 149.5697501158165, 144.6376891871915, 155.32474234128844, 149.46247665525217, 148.8092265173288, 149.50484552757374, 154.2229794387962, 151.80598517976884, 151.05904442413328, 150.94331615915547, 150.48392483824856, 149.89498448045313, 150.9290253817298, 150.8703707523789, 151.9372505414683, 149.08656236090894, 148.56673992791448, 147.82073377672359, 148.66762186709087, 148.6883662752087, 148.37938990451926, 147.94147956590854], "dataset": "square96_random0.01", "UNET_size": "big", "optimizer": "Adam"}