{"IMG_SIZE": 96, "BATCH_SIZE": 16, "LEARNING_RATE": 0.0001, "NUM_EPOCHS": 35, "NUM_GENERATE_IMAGES": 9, "NUM_TIMESTEPS": 500, "MIXED_PRECISION": "fp16", "GRADIENT_ACCUMULATION_STEPS": 1, "losses": [0.9185028175512949, 0.31053196064506966, 0.11336270091123879, 0.0960131046983103, 0.08572241493190329, 0.07341646767842273, 0.068356849020347, 0.05166991757384191, 0.054800594807602465, 0.04924806133688738, 0.05112503635852287, 0.0514501310341681, 0.047276217063578464, 0.04599575434500972, 0.03590578748844564, 0.04022422157383213, 0.03747994415850068, 0.04063622612738982, 0.04305356721548984, 0.03964222544648995, 0.03984752774704248, 0.0317423576877142, 0.03640313006083792, 0.03380022921677058, 0.036893471085932106, 0.03872848042131712, 0.036121796059887856, 0.03702594708496084, 0.029683743535618607, 0.0343464701048409, 0.03194836042045305, 0.03520838219750052, 0.03701062723606204, 0.03408023804270973, 0.03587876473708699], "fid_scores": [340.2963418512236, 259.19390295305107, 211.3030440771418, 212.89704016136847, 217.51008932894797, 209.9944573692599], "fid_scores_epochs": [0, 7, 14, 21, 28, 34], "dataset": "square96_random0.0025", "UNET_size": "mid", "optimizer": "Adam", "seed": 3, "exited_loss_na": false, "execution_time": 970.3990380000014}