{"IMG_SIZE": 96, "BATCH_SIZE": 16, "LEARNING_RATE": 0.0001, "NUM_EPOCHS": 50, "NUM_GENERATE_IMAGES": 9, "NUM_TIMESTEPS": 500, "MIXED_PRECISION": "fp16", "GRADIENT_ACCUMULATION_STEPS": 1, "losses": [0.007900945379055644, 0.007900983544899837, 0.00790101769257729, 0.007901062876427252, 0.007901038187801053, 0.007901011787256912, 0.007900982151592248, 0.007900940878071675, 0.007900900593468626, 0.007900859182700514, 0.00790084727034953, 0.00790081874491941, 0.00790076464733207, 0.007900765010057703, 0.00790073260370838, 0.00790072162513082, 0.00790067139988471, 0.007900655002480274, 0.007900650001523134, 0.007900617602526357, 0.007900603502792748, 0.007900581048115304, 0.007900565061228056, 0.007900537237966139, 0.007900497759692371, 0.007900518602936675, 0.007900476693420817, 0.007900454407851946, 0.007900452400606713, 0.007900427295336205, 0.007900409605108986, 0.007900398676773827, 0.007900385610073021, 0.007900375915740273, 0.007900343508165526, 0.0079003488167042, 0.007900353267445768, 0.007900327515151155, 0.007900338585635549, 0.007900308774735191, 0.007900323685699779, 0.00790030737284963, 0.00790028773419755, 0.007900296451867019, 0.007900312568649258, 0.00790028841553354, 0.007900278169759795, 0.007900277618318796, 0.007900280488262836, 0.007900275691951576], "fid_scores": [143.2318917797719, 143.19199834027964, 143.27226963389097, 143.2510750886018, 143.25340656309004, 143.2222748622005, 143.23682295059638, 143.21437009140004, 143.25906944768218, 143.28307360385688, 143.2568542398426, 143.2617381927088, 143.27206765185855, 143.25646580732467, 143.28436747046453, 143.28077441314966, 143.26356352914578, 143.16526160093557, 143.1631841107776, 143.22029887171348, 143.2163039508551, 143.1971074958377, 143.1893975986769, 143.16747783797217, 143.17639534977317, 143.14272169033197, 143.2226583743007, 143.18600673210247, 143.19073959558807, 143.17677511117924, 143.20877426788945, 143.19603949614913, 143.219522798185, 143.23662737906298, 143.21994060511412, 143.18676838313644, 143.17956944450702, 143.21288236638395, 143.2061647730265, 143.18057553827984, 143.19391622155348, 143.15597672782235, 143.15004977910795, 143.1518453338257, 143.15784244081004, 143.14140992455793, 143.16022692722663, 143.13999049336041, 143.16511974641188, 143.16130131648407], "dataset": "square96_random0.01", "UNET_size": "big", "optimizer": "SGD"}