{"IMG_SIZE": 96, "BATCH_SIZE": 16, "LEARNING_RATE": 0.0001, "NUM_EPOCHS": 35, "NUM_GENERATE_IMAGES": 9, "NUM_TIMESTEPS": 500, "MIXED_PRECISION": "fp16", "GRADIENT_ACCUMULATION_STEPS": 1, "losses": [1.178771900633971, 1.0184324271976948, 0.7668757848441601, 0.505747058118383, 0.2907002177089453, 0.17021024987722436, 0.1349025284871459, 0.10591380872453253, 0.09521917183883488, 0.09518022664512198, 0.08049734875870247, 0.08277935278601944, 0.0748535932507366, 0.07707421923987567, 0.07750064864133795, 0.07018750382121652, 0.07012451983367403, 0.05727479277023425, 0.055653482559137046, 0.060622568087031446, 0.053314249884958066, 0.05894027887067447, 0.05477947148028761, 0.0593781074276194, 0.06140282303870966, 0.056550236768089235, 0.05842575694744786, 0.048206709092482924, 0.047853982890956104, 0.05339881556574255, 0.04763124813325703, 0.05370172384815911, 0.05047405320995798, 0.05565850832499564, 0.0584560832551991], "fid_scores": [324.7122726505821, 286.7539453833973, 250.92054555688944, 233.3463102382512, 244.80859573590948], "fid_scores_epochs": [0, 10, 20, 30, 34], "dataset": "square96_random0.0025", "UNET_size": "big", "optimizer": "Adam", "seed": 3, "exited_loss_na": false, "execution_time": 2241.236400200003}