{"IMG_SIZE": 96, "BATCH_SIZE": 16, "LEARNING_RATE": 0.0001, "NUM_EPOCHS": 35, "NUM_GENERATE_IMAGES": 9, "NUM_TIMESTEPS": 500, "MIXED_PRECISION": "fp16", "GRADIENT_ACCUMULATION_STEPS": 1, "losses": [0.918587751686573, 0.31202086216459674, 0.11227596069996555, 0.09708699428786834, 0.08727141624937455, 0.07203022642837216, 0.06751964675883453, 0.0522934008234491, 0.055899288582926, 0.04845774332837512, 0.051314671873115, 0.05231517770638069, 0.04616630054078996, 0.04427056806162, 0.03702899491569648, 0.04197280811301122, 0.03679912775987759, 0.04189867852255702, 0.04375156030679742, 0.039894905601007245, 0.03869508777279407, 0.03242878877790645, 0.03734424277596796, 0.03317654371494427, 0.03782907434894393, 0.03969217297465851, 0.035540800755067416, 0.03580352338030934, 0.030277455342002213, 0.03487663894581298, 0.031404553699151926, 0.03597222592604036, 0.038024824733535446, 0.0340812059196954, 0.034703841782175004], "fid_scores": [337.57942815112875, 268.0040440048326, 218.7766536908021, 216.06889085548977, 214.57034408342, 203.55088448821164], "fid_scores_epochs": [0, 7, 14, 21, 28, 34], "dataset": "square96_random0.0025", "UNET_size": "mid", "optimizer": "Adam", "seed": 0, "exited_loss_na": false, "execution_time": 970.7442492999999}