{
    "IMG_SIZE": 96,
    "BATCH_SIZE": 16,
    "LEARNING_RATE": 0.001,
    "NUM_EPOCHS": 35,
    "NUM_GENERATE_IMAGES": 9,
    "NUM_TIMESTEPS": 500,
    "MIXED_PRECISION": "fp16",
    "GRADIENT_ACCUMULATION_STEPS": 1,
    "losses": [
        0.7016479394709071,
        0.1367790321043382,
        0.08461033599451184,
        0.07397721917368472,
        0.06925791323495407,
        0.05823949542051802,
        0.05257425942302992,
        0.044040208119743816,
        0.04718873417004943,
        0.05005327301720778,
        0.04424505830199147,
        0.042708975359952696,
        0.037067867369235806,
        0.04059088796687623,
        0.043844297605877124,
        0.039078238303773105,
        0.03818735926567266,
        0.03379378768537814,
        0.036768446870458625,
        0.040235811281794064,
        0.03639368726483857,
        0.035727256850805134,
        0.03159607267783334,
        0.034499772979567446,
        0.037832641353209816,
        0.03424187834995488,
        0.0338700485881418,
        0.03011314863882338,
        0.03286401139727483,
        0.03604751879659792,
        0.03275937315387031,
        0.03260625065498365,
        0.02921082677009205,
        0.031955092931942396,
        0.03528024675324559
    ],
    "fid_scores": [
        317.2348984394158,
        264.3461522291182,
        235.66595348316605,
        244.99323559759375,
        225.20662248328892,
        216.7211369456612,
        203.99024857032538,
        206.21179188972178
    ],
    "fid_scores_epochs": [
        0,
        5,
        10,
        15,
        20,
        25,
        30,
        34
    ],
    "dataset": "square96_random0.0025",
    "UNET_size": "small",
    "optimizer": "Adam",
    "seed": 1,
    "exited_loss_na": false,
    "execution_time": 473.3132467000005
}