{"IMG_SIZE": 96, "BATCH_SIZE": 16, "LEARNING_RATE": 0.0001, "NUM_EPOCHS": 35, "NUM_GENERATE_IMAGES": 9, "NUM_TIMESTEPS": 500, "MIXED_PRECISION": "fp16", "GRADIENT_ACCUMULATION_STEPS": 1, "losses": [0.9935436559220155, 0.3216117490082979, 0.11093029907594125, 0.09270852920599282, 0.0826406420674175, 0.06920809655760725, 0.0642236415296793, 0.04847362272751828, 0.0440094880759716, 0.04783512570429593, 0.03949701712311556, 0.04421542309379826, 0.03978184536875536, 0.043913006161650024, 0.046252873338138066, 0.041883387156606965, 0.040436813064540424, 0.03252368437824771, 0.0314226258196868, 0.035991070772676416, 0.030920873493111383, 0.03543410989611099, 0.03313504570784668, 0.036161001635870584, 0.03798133179467792, 0.035575365084999554, 0.03526198318771397, 0.028921403902738046, 0.028255144444604714, 0.03288754617096856, 0.02853258258740728, 0.03269833803642541, 0.03077322120467822, 0.03390547848539427, 0.03579949703998864], "fid_scores": [327.6412900560849, 258.6733862589198, 223.56194753542033, 206.03124229567692, 212.5025006275417], "fid_scores_epochs": [0, 10, 20, 30, 34], "dataset": "square96_random0.0025", "UNET_size": "big", "optimizer": "Adam", "seed": 4, "exited_loss_na": false, "execution_time": 2278.9822497999994}