{"IMG_SIZE": 96, "BATCH_SIZE": 16, "LEARNING_RATE": 0.0001, "NUM_EPOCHS": 35, "NUM_GENERATE_IMAGES": 9, "NUM_TIMESTEPS": 500, "MIXED_PRECISION": "fp16", "GRADIENT_ACCUMULATION_STEPS": 1, "losses": [1.0935686007142067, 1.0916796227296193, 1.086578627427419, 1.0813368037343025, 1.0744647930065792, 1.06579486032327, 1.0544024854898453, 1.0419547607501347, 1.0302137657999992, 1.0139672656853993, 0.9992548301815987, 0.9841578975319862, 0.9690490985910097, 0.9530613832175732, 0.9362979580958685, 0.9260761278371016, 0.910615511238575, 0.9009086651106676, 0.8910501599311829, 0.8806746279199918, 0.8699995540082455, 0.8570754614969095, 0.8544939371446768, 0.8445946872234344, 0.8421418679257234, 0.8388839736580849, 0.8344910144805908, 0.8298376562694708, 0.8219781778752804, 0.8257219716906548, 0.8208906389772892, 0.823601745069027, 0.8247141626973947, 0.823987947156032, 0.8224903618295988], "fid_scores": [355.40015292556006, 356.308779912882, 359.1954038609607, 357.1430961172587, 356.63969672708174, 351.90961312517885], "fid_scores_epochs": [0, 7, 14, 21, 28, 34], "dataset": "square96_random0.0025", "UNET_size": "mid", "optimizer": "SGD", "seed": 1, "exited_loss_na": false, "execution_time": 696.6801668999997}