{"IMG_SIZE": 96, "BATCH_SIZE": 16, "LEARNING_RATE": 0.0001, "NUM_EPOCHS": 35, "NUM_GENERATE_IMAGES": 9, "NUM_TIMESTEPS": 500, "MIXED_PRECISION": "fp16", "GRADIENT_ACCUMULATION_STEPS": 1, "losses": [0.027068109780942137, 0.028235635288843982, 0.028193515686220243, 0.026664563974267558, 0.026943887093741643, 0.02714459345136818, 0.028104341706555142, 0.02806584160578878, 0.026540931471084293, 0.026808261288035855, 0.026998417324533588, 0.027968203188165237, 0.027935300385089297, 0.026430790709625732, 0.026697866907833438, 0.026887059496029427, 0.027858456577125348, 0.02782841194421053, 0.026339932683071023, 0.02660651727530517, 0.02679607644677162, 0.027769399571575617, 0.027744116516489732, 0.02626955006271601, 0.026538123763901623, 0.026730026677250864, 0.027707244122498913, 0.027688511049276904, 0.026224689082683703, 0.026497722637692563, 0.026693046573353443, 0.027675724382463254, 0.027662188736231705, 0.026206244327324, 0.02648229783793029], "fid_scores": [168.54871975925857, 166.4628155736275, 165.38518760874865, 164.9553460804137, 165.50298659199072, 166.3405499282955, 167.09847197114158, 169.22686708017196], "fid_scores_epochs": [0, 5, 10, 15, 20, 25, 30, 34], "dataset": "square96_random0.005", "UNET_size": "small", "optimizer": "Adam", "seed": 2, "exited_loss_na": false, "execution_time": 788.9227200000023}