{"IMG_SIZE": 96, "BATCH_SIZE": 16, "LEARNING_RATE": 0.0001, "NUM_EPOCHS": 35, "NUM_GENERATE_IMAGES": 9, "NUM_TIMESTEPS": 500, "MIXED_PRECISION": "fp16", "GRADIENT_ACCUMULATION_STEPS": 1, "losses": [1.0819831813375156, 1.0696565161148708, 1.0438746760288875, 1.010668156047662, 0.9690283934275309, 0.9199825016160806, 0.8643177698055903, 0.7993182092905045, 0.7386187501251698, 0.6745560665925344, 0.6052939941485723, 0.5392710454761982, 0.4731274551401536, 0.4297708322604497, 0.3901738803833723, 0.3519339415555199, 0.3218052651112278, 0.2902097040787339, 0.2825314421206713, 0.27323275494078797, 0.25910954798261326, 0.24808608181774616, 0.2310398860524098, 0.23547145600120226, 0.23543121510495743, 0.22852667917807898, 0.22361845461030802, 0.21149251268555722, 0.2201160710925857, 0.22349582767734924, 0.21939669425288835, 0.21690625480065742, 0.2067407447223862, 0.21695329497257868, 0.22155642261107764], "fid_scores": [332.6657944045909, 339.92338796944875, 344.83629593214573, 325.077624462962, 318.7450955391307, 316.3365195955363, 316.28532958550124, 308.4945376869667], "fid_scores_epochs": [0, 5, 10, 15, 20, 25, 30, 34], "dataset": "square96_random0.0025", "UNET_size": "small", "optimizer": "SGD", "seed": 0, "exited_loss_na": false, "execution_time": 321.2393579999998}