{"IMG_SIZE": 96, "BATCH_SIZE": 16, "LEARNING_RATE": 0.0001, "NUM_EPOCHS": 35, "NUM_GENERATE_IMAGES": 9, "NUM_TIMESTEPS": 500, "MIXED_PRECISION": "fp16", "GRADIENT_ACCUMULATION_STEPS": 1, "losses": [0.9942445767422518, 0.32300179249917466, 0.10988422444400688, 0.09392596346636613, 0.08438013299989204, 0.06956811179406941, 0.06315091539484759, 0.04919053707271814, 0.04324384208302945, 0.05062444822397083, 0.04123087013916423, 0.04630896138648192, 0.03940924095998829, 0.043547661897415914, 0.045215038233436644, 0.03973771878130113, 0.03911567867423097, 0.033433236744410046, 0.030675511283334345, 0.03740376581360275, 0.031724155317836754, 0.03597193263703957, 0.03201910849505415, 0.036618210278296225, 0.03857585745087514, 0.035053131151168294, 0.03499676128073285, 0.029494063113816082, 0.027728873149802286, 0.03374783745190749, 0.029168637993279845, 0.033290080745549254, 0.030006082515077043, 0.034421786083839834, 0.03659783478360623], "fid_scores": [322.5087982229018, 230.25679929120142, 221.48010922237617, 215.43571973056905, 206.10392376911395], "fid_scores_epochs": [0, 10, 20, 30, 34], "dataset": "square96_random0.0025", "UNET_size": "big", "optimizer": "Adam", "seed": 0, "exited_loss_na": false, "execution_time": 2252.747683100002}