{
    "IMG_SIZE": 96,
    "BATCH_SIZE": 16,
    "LEARNING_RATE": 0.001,
    "NUM_EPOCHS": 35,
    "NUM_GENERATE_IMAGES": 9,
    "NUM_TIMESTEPS": 500,
    "MIXED_PRECISION": "fp16",
    "GRADIENT_ACCUMULATION_STEPS": 1,
    "losses": [
        1.082584025959174,
        1.0702268704771996,
        1.0439088642597198,
        1.0109805067380269,
        0.9693394936621189,
        0.9201087864736716,
        0.864492783943812,
        0.7994329718252023,
        0.7390088587999344,
        0.6749774714310964,
        0.6059120111167431,
        0.5391695803652207,
        0.4733219537883997,
        0.42995562466482323,
        0.39057063808043796,
        0.3529527299106121,
        0.3215693222979705,
        0.29072765819728374,
        0.2823310491318504,
        0.27368698331216973,
        0.2603411531696717,
        0.2478023503596584,
        0.2316831567635139,
        0.23499708125988641,
        0.23595021137346825,
        0.2298561225955685,
        0.22333437545845905,
        0.21218560822308064,
        0.21953699830919504,
        0.22404580563306808,
        0.22075850485513607,
        0.2166259459530314,
        0.20745085862775645,
        0.21635443717241287,
        0.22210997249931097
    ],
    "fid_scores": [
        339.0840163330272,
        335.5189974213706,
        340.05746051286764,
        320.16977794819945,
        313.97629261805434,
        311.6059390663109,
        311.4054172717925,
        310.14412474897534
    ],
    "fid_scores_epochs": [
        0,
        5,
        10,
        15,
        20,
        25,
        30,
        34
    ],
    "dataset": "square96_random0.0025",
    "UNET_size": "small",
    "optimizer": "SGD",
    "seed": 1,
    "exited_loss_na": false,
    "execution_time": 318.6566812000001
}