{"IMG_SIZE": 96, "BATCH_SIZE": 16, "LEARNING_RATE": 0.0001, "NUM_EPOCHS": 35, "NUM_GENERATE_IMAGES": 9, "NUM_TIMESTEPS": 500, "MIXED_PRECISION": "fp16", "GRADIENT_ACCUMULATION_STEPS": 1, "losses": [0.02769440584080784, 0.027655218247520295, 0.02787257019234331, 0.02647467187948917, 0.02689209562285166, 0.027229907334242996, 0.028002486083852616, 0.027791029401123525, 0.026233907230198382, 0.026412017550319432, 0.02662144967011715, 0.02733763190672586, 0.027147880882809037, 0.025629571982120212, 0.025792767156503704, 0.026006696177156348, 0.026655446610560542, 0.026467007428015533, 0.024972020648419857, 0.025163754394375966, 0.025331821851432325, 0.02596979287305945, 0.025766091676134813, 0.024311941087638077, 0.024474370033529244, 0.024632920569887286, 0.025275968897499536, 0.025090080955506938, 0.023689036992819684, 0.02391225873541675, 0.024143125508960923, 0.024844406608884272, 0.0247237744349006, 0.023391929396281118, 0.023686781971666373], "fid_scores": [170.82250290819593, 181.7278906951976, 183.13885987013677, 168.40763652233773, 178.09789188454263, 165.28463927046903, 169.29938172428083, 173.10238181810695], "fid_scores_epochs": [0, 5, 10, 15, 20, 25, 30, 34], "dataset": "square96_random0.005", "UNET_size": "small", "optimizer": "Adam", "seed": 2, "exited_loss_na": false, "execution_time": 975.5612932000004}