{
    "IMG_SIZE": 96,
    "BATCH_SIZE": 16,
    "LEARNING_RATE": 0.001,
    "NUM_EPOCHS": 35,
    "NUM_GENERATE_IMAGES": 9,
    "NUM_TIMESTEPS": 500,
    "MIXED_PRECISION": "fp16",
    "GRADIENT_ACCUMULATION_STEPS": 1,
    "losses": [
        1.0903545394539833,
        1.0723014225562413,
        1.0364909991621971,
        0.9899050407111645,
        0.9331524843970934,
        0.8656533559163412,
        0.7877582696576914,
        0.697035820533832,
        0.6195057729880015,
        0.5256711908926567,
        0.44874862519403297,
        0.3786556062599023,
        0.31620239466428757,
        0.2673545346284906,
        0.21592294859389463,
        0.20885112881660461,
        0.1866382209894558,
        0.18591273141403994,
        0.1829216298647225,
        0.17623056207473078,
        0.17145260128503045,
        0.1511952163030704,
        0.16217706243818006,
        0.15314038454865417,
        0.16001035909478864,
        0.16285251329342523,
        0.16042825300246477,
        0.15911405983691415,
        0.14168709687267741,
        0.15427752397954464,
        0.14715824012334147,
        0.15527320032318434,
        0.15931228067105016,
        0.15787468338385224,
        0.15738809403652945
    ],
    "fid_scores": [
        354.25349848237374,
        350.0343131927869,
        315.980274136679,
        306.86125804696405,
        305.7140408815254,
        307.6005630156574
    ],
    "fid_scores_epochs": [
        0,
        7,
        14,
        21,
        28,
        34
    ],
    "dataset": "square96_random0.0025",
    "UNET_size": "mid",
    "optimizer": "SGD",
    "seed": 4,
    "exited_loss_na": false,
    "execution_time": 688.6954246999994
}