{
    "IMG_SIZE": 96,
    "BATCH_SIZE": 16,
    "LEARNING_RATE": 0.001,
    "NUM_EPOCHS": 35,
    "NUM_GENERATE_IMAGES": 9,
    "NUM_TIMESTEPS": 500,
    "MIXED_PRECISION": "fp16",
    "GRADIENT_ACCUMULATION_STEPS": 1,
    "losses": [
        1.0818624918659527,
        1.069545939564705,
        1.043473777671655,
        1.0107494716842969,
        0.9690387745698293,
        0.9200189101199309,
        0.8641163495679697,
        0.799473670621713,
        0.7386009184022745,
        0.6740296334028244,
        0.6055640938381354,
        0.5386172315726677,
        0.47358056406180066,
        0.4297424511363109,
        0.38905309699475765,
        0.3524858138213555,
        0.32064430601894855,
        0.2910684570670128,
        0.28244792235394317,
        0.2719828089078267,
        0.25988032886137563,
        0.2467729061221083,
        0.23213125703235468,
        0.2353205687055985,
        0.23416192457079887,
        0.22938407895465693,
        0.22224225538472334,
        0.21266898854325214,
        0.21993316120157638,
        0.2222219491377473,
        0.22027930648376545,
        0.2155179539695382,
        0.2079413551837206,
        0.21675885561853647,
        0.22027552096794048
    ],
    "fid_scores": [
        337.9251381253906,
        331.92708628457456,
        336.4819773889932,
        316.96317225313294,
        310.26545746804527,
        307.994201057399,
        307.81313560115404,
        313.08767958876217
    ],
    "fid_scores_epochs": [
        0,
        5,
        10,
        15,
        20,
        25,
        30,
        34
    ],
    "dataset": "square96_random0.0025",
    "UNET_size": "small",
    "optimizer": "SGD",
    "seed": 4,
    "exited_loss_na": false,
    "execution_time": 324.76567349999914
}