{
    "IMG_SIZE": 96,
    "BATCH_SIZE": 16,
    "LEARNING_RATE": 0.001,
    "NUM_EPOCHS": 35,
    "NUM_GENERATE_IMAGES": 9,
    "NUM_TIMESTEPS": 500,
    "MIXED_PRECISION": "fp16",
    "GRADIENT_ACCUMULATION_STEPS": 1,
    "losses": [
        0.47024540898079675,
        0.08686642216828962,
        0.06228750490117818,
        0.0609548696083948,
        0.05650314820619921,
        NaN
    ],
    "fid_scores": [
        300.1005380703051
    ],
    "fid_scores_epochs": [
        0
    ],
    "dataset": "square96_random0.0025",
    "UNET_size": "mid",
    "optimizer": "Adam",
    "seed": 4,
    "exited_loss_na": true,
    "execution_time": 160.83576360000006
}