{"IMG_SIZE": 96, "BATCH_SIZE": 16, "LEARNING_RATE": 0.0001, "NUM_EPOCHS": 35, "NUM_GENERATE_IMAGES": 9, "NUM_TIMESTEPS": 500, "MIXED_PRECISION": "fp16", "GRADIENT_ACCUMULATION_STEPS": 1, "losses": [1.056559171174702, 0.9059475559937327, 0.6551044291571567, 0.3964610187630904, 0.22950305170134494, 0.16218491392700296, 0.13776452682520213, 0.12386559255813298, 0.10985845178365708, 0.10458371184374157, 0.09906785343038409, 0.0971092405287843, 0.09393146551753345, 0.0854886302038243, 0.08459524657381208, 0.08190942426261148, 0.0820753215174926, 0.08099835824809576, 0.0743284578386106, 0.07504748913802599, 0.07353797692217325, 0.07464378476142883, 0.07454738028739628, 0.0688662371745235, 0.07032043526047155, 0.06946381761839515, 0.07109923815648807, 0.07157209315582326, 0.06650240685986845, 0.06835553344143064, 0.06788976506183023, 0.06987282751422179, 0.07066790602709118, 0.06590768475281565, 0.06794834538902107], "fid_scores": [317.47369761055074, 288.26981297853257, 273.48388684848203, 262.4204087450505, 257.6873626116892, 252.4409282176037, 250.9597199654012, 251.88013947369336], "fid_scores_epochs": [0, 5, 10, 15, 20, 25, 30, 34], "dataset": "square96_random0.005", "UNET_size": "small", "optimizer": "Adam", "seed": 0}