{"IMG_SIZE": 96, "BATCH_SIZE": 16, "LEARNING_RATE": 0.0001, "NUM_EPOCHS": 35, "NUM_GENERATE_IMAGES": 9, "NUM_TIMESTEPS": 500, "MIXED_PRECISION": "fp16", "GRADIENT_ACCUMULATION_STEPS": 1, "losses": [1.0729340565832037, 1.0117052887615405, 0.90070273687965, 0.7489364900087055, 0.5796141875417609, 0.4222125662000556, 0.2955005098330347, 0.2190786262876109, 0.16042132048230423, 0.13604380739362618, 0.12637348747567126, 0.12099518117151763, 0.11779702807727613, 0.09816981106996536, 0.09288125289113898, 0.09191849494450971, 0.09204812622384022, 0.09270910350115676, 0.07627682799571439, 0.07384482810371801, 0.07379387809257758, 0.07581387362197826, 0.07821582238140859, 0.06344582297300037, 0.06234117871836612, 0.0622795292813527, 0.06521080610783477, 0.06874751319226466, 0.055277965080581214, 0.05513724155331913, 0.05522325968271807, 0.05868909096247271, 0.0628158649135577, 0.05096660172076602, 0.05182056315243244], "fid_scores": [354.34213895434533, 335.84855817716254, 323.02555969507205, 316.0314975715995, 304.71637360769006, 295.9291188284883, 284.487258696204, 290.24255452589085], "fid_scores_epochs": [0, 5, 10, 15, 20, 25, 30, 34], "dataset": "square96_random0.001", "UNET_size": "small", "optimizer": "Adam", "seed": 2, "exited_loss_na": false, "execution_time": 238.69865359999994}