{"IMG_SIZE": 96, "BATCH_SIZE": 16, "LEARNING_RATE": 0.0001, "NUM_EPOCHS": 35, "NUM_GENERATE_IMAGES": 9, "NUM_TIMESTEPS": 500, "MIXED_PRECISION": "fp16", "GRADIENT_ACCUMULATION_STEPS": 1, "losses": [0.027314838556278694, 0.027070613372090616, 0.02769833153211757, 0.025576761247296083, 0.025541055075039988, 0.025995518904375403, 0.026545079263221277, 0.02728482979398809, 0.025266841151996663, 0.02527338614393222, 0.025775578417080013, 0.02635943877853845, 0.027113945012618053, 0.025127379802104673, 0.025134781336313798, 0.025654938679776692, 0.026243071169837526, 0.02699895579073774, 0.02503004242224913, 0.025035867197929246, 0.025567767068155504, 0.026158610363735964, 0.02691626892376103, 0.024960565542508112, 0.02496785053885297, 0.025508655901802214, 0.026103418825292275, 0.026864669927837034, 0.024918668050515024, 0.024929412253397076, 0.02547742262678711, 0.02607662645903857, 0.026841810330944627, 0.024902082234621047, 0.02491611790794291], "fid_scores": [169.6316070107436, 174.219623145145, 177.95253643803554, 177.9165017349148, 177.8528545533038, 177.15470236972322, 178.90439163186875, 175.62352992462044], "fid_scores_epochs": [0, 5, 10, 15, 20, 25, 30, 34], "dataset": "square96_random0.005", "UNET_size": "small", "optimizer": "Adam", "seed": 3, "exited_loss_na": false, "execution_time": 946.5065141999985}