{
    "IMG_SIZE": 96,
    "BATCH_SIZE": 16,
    "LEARNING_RATE": 0.0001,
    "NUM_EPOCHS": 35,
    "NUM_GENERATE_IMAGES": 9,
    "NUM_TIMESTEPS": 500,
    "MIXED_PRECISION": "fp16",
    "GRADIENT_ACCUMULATION_STEPS": 1,
    "losses": [
        1.0935692861676216,
        1.0933959782123566,
        1.0923102125525475,
        1.0916248684128125,
        1.0910603205362956,
        1.0911938125888507,
        1.0891873041788738,
        1.0873695686459541,
        1.0867766588926315,
        1.084360383450985,
        1.0824021498362224,
        1.0807267303268115,
        1.0798471793532372,
        1.0771035303672154,
        1.0747512876987457,
        1.0739994421601295,
        1.071521629889806,
        1.0699274589618046,
        1.0687654589613278,
        1.0683818732698758,
        1.0662189548214276,
        1.064495213329792,
        1.0645437215765317,
        1.0627764413754146,
        1.0620360126097996,
        1.061743512749672,
        1.0621507540345192,
        1.0607843448718388,
        1.0598283559083939,
        1.060680131117503,
        1.0596279576420784,
        1.0595536281665165,
        1.0598613743980725,
        1.0607801551620166,
        1.05985210587581
    ],
    "fid_scores": [
        349.34248396692635,
        356.22957228086716,
        356.43788412495104,
        356.22841417887923,
        356.1619778197676,
        350.28034387483615
    ],
    "fid_scores_epochs": [
        0,
        7,
        14,
        21,
        28,
        34
    ],
    "dataset": "square96_random0.0025",
    "UNET_size": "mid",
    "optimizer": "SGD",
    "seed": 0,
    "exited_loss_na": false,
    "execution_time": 700.9645625999992
}