{
    "IMG_SIZE": 96,
    "BATCH_SIZE": 16,
    "LEARNING_RATE": 0.0001,
    "NUM_EPOCHS": 35,
    "NUM_GENERATE_IMAGES": 9,
    "NUM_TIMESTEPS": 500,
    "MIXED_PRECISION": "fp16",
    "GRADIENT_ACCUMULATION_STEPS": 1,
    "losses": [
        0.9184396415948868,
        0.3112173746339977,
        0.11228700238279998,
        0.09562642592936754,
        0.08705824644615252,
        0.07417796094280978,
        0.06747761570538084,
        0.051472844167922936,
        0.055748221736090876,
        0.04788940531822542,
        0.05135759703504542,
        0.053171336806068815,
        0.04625385495213171,
        0.04502665398952862,
        0.03624733455944806,
        0.04207568805819998,
        0.03678406897233799,
        0.04093866209344318,
        0.04412689643989628,
        0.03899420303059742,
        0.03943880208923171,
        0.031703866203315556,
        0.03752471593907103,
        0.03304661276827877,
        0.03647241512468705,
        0.039982026792131364,
        0.035787442505049206,
        0.03666816341380278,
        0.029758853488601744,
        0.03510321507928893,
        0.0312836561157989,
        0.03441091500765955,
        0.03811352550595378,
        0.03439408635798221,
        0.035462030093185604
    ],
    "fid_scores": [
        343.0405342898926,
        275.4378125654014,
        229.36189833417782,
        217.83424522343043,
        214.49607466062548,
        212.26620918627904
    ],
    "fid_scores_epochs": [
        0,
        7,
        14,
        21,
        28,
        34
    ],
    "dataset": "square96_random0.0025",
    "UNET_size": "mid",
    "optimizer": "Adam",
    "seed": 1,
    "exited_loss_na": false,
    "execution_time": 971.4265300999996
}