{"IMG_SIZE": 96, "BATCH_SIZE": 16, "LEARNING_RATE": 0.0001, "NUM_EPOCHS": 35, "NUM_GENERATE_IMAGES": 9, "NUM_TIMESTEPS": 500, "MIXED_PRECISION": "fp16", "GRADIENT_ACCUMULATION_STEPS": 1, "losses": [0.7012065372740229, 0.13682066191298267, 0.08495980408042669, 0.07673116649190585, 0.068867892298537, 0.05812148761469871, 0.05254654427214215, 0.04450842286072051, 0.04831340738261739, 0.04996194376144558, 0.043227476494697235, 0.043025521542100854, 0.037446760184442006, 0.04168208265521874, 0.04293021823590001, 0.03827969609604528, 0.038268106213460364, 0.03431497902298967, 0.038621311696867146, 0.03992180753266439, 0.03555117640644312, 0.03584535053232685, 0.03168447707624485, 0.03610505697239811, 0.03770071582403034, 0.03367001963003228, 0.0337507122506698, 0.030220577861958493, 0.034354831460708134, 0.03605191066162661, 0.03240691606576244, 0.03250243245080734, 0.02934844681294635, 0.033467423946907125, 0.03528951273377364], "fid_scores": [309.44766979300255, 266.28072334768314, 250.39520698981062, 231.91314908095168, 242.36718121871402, 233.9323083407635, 211.76904373105725, 203.2145760788637], "fid_scores_epochs": [0, 5, 10, 15, 20, 25, 30, 34], "dataset": "square96_random0.0025", "UNET_size": "small", "optimizer": "Adam", "seed": 0, "exited_loss_na": false, "execution_time": 473.1437170999998}