{"IMG_SIZE": 96, "BATCH_SIZE": 16, "LEARNING_RATE": 0.0001, "NUM_EPOCHS": 35, "NUM_GENERATE_IMAGES": 9, "NUM_TIMESTEPS": 500, "MIXED_PRECISION": "fp16", "GRADIENT_ACCUMULATION_STEPS": 1, "losses": [1.0836472014586132, 1.0824036995569866, 1.0780120020111401, 1.0756617809335391, 1.071041574080785, 1.0654227981964748, 1.0576206296682358, 1.0472405602534611, 1.0392724722623825, 1.029327320555846, 1.0184995457530022, 1.0064541002114613, 0.992982250948747, 0.9838204023738703, 0.9741604725519816, 0.9646037009855112, 0.9547415139774481, 0.9434878788888454, 0.9374421027799448, 0.9308912555376688, 0.9242937924961249, 0.9174918904900551, 0.9093256406486034, 0.9069339434305826, 0.9038088147838911, 0.9004007168114185, 0.8967586643993855, 0.8915669036408266, 0.8922822860380014, 0.8919553446273009, 0.8910239612062772, 0.8896060126523176, 0.8863638291756312, 0.8888022614022096, 0.8898068070411682], "fid_scores": [338.1661843673668, 333.5379966062272, 331.57509537142124, 331.25219944650576, 331.7662772649967, 332.0528371613394, 332.02705101741566, 336.85134036644934], "fid_scores_epochs": [0, 5, 10, 15, 20, 25, 30, 34], "dataset": "square96_random0.0025", "UNET_size": "small", "optimizer": "SGD", "seed": 4, "exited_loss_na": false, "execution_time": 327.46885699999984}