{
    "IMG_SIZE": 96,
    "BATCH_SIZE": 16,
    "LEARNING_RATE": 1e-05,
    "NUM_EPOCHS": 35,
    "NUM_GENERATE_IMAGES": 9,
    "NUM_TIMESTEPS": 500,
    "MIXED_PRECISION": "fp16",
    "GRADIENT_ACCUMULATION_STEPS": 1,
    "losses": [
        1.2093647370735805,
        1.209160787363847,
        1.2080979694922764,
        1.2062894428769748,
        1.2051490073402722,
        1.2052202473084133,
        1.2029585887988408,
        1.2041922782858212,
        1.2030569637815158,
        1.199117471774419,
        1.2000557854771614,
        1.1948174412051837,
        1.1919594580928485,
        1.1887101034323375,
        1.1863107929627101,
        1.1853935395677884,
        1.1825500130653381,
        1.1833347404996555,
        1.1821913694341977,
        1.1787692978978157,
        1.180254543821017,
        1.176164445777734,
        1.174381045003732,
        1.1723970274130504,
        1.1712175558010738,
        1.1715306714177132,
        1.17002817740043,
        1.1720529521505039,
        1.1722188591957092,
        1.170223593711853,
        1.1728748381137848,
        1.1700965116421382,
        1.1694491008917491,
        1.1685122326016426,
        1.168227496246497
    ],
    "fid_scores": [
        320.5836404415601,
        318.0773984002184,
        318.98216572434944,
        319.34534707893386,
        325.4262727590217
    ],
    "fid_scores_epochs": [
        0,
        10,
        20,
        30,
        34
    ],
    "dataset": "square96_random0.0025",
    "UNET_size": "big",
    "optimizer": "SGD",
    "seed": 3,
    "exited_loss_na": false,
    "execution_time": 1530.6939254999998
}