{"IMG_SIZE": 96, "BATCH_SIZE": 16, "LEARNING_RATE": 0.0001, "NUM_EPOCHS": 35, "NUM_GENERATE_IMAGES": 9, "NUM_TIMESTEPS": 500, "MIXED_PRECISION": "fp16", "GRADIENT_ACCUMULATION_STEPS": 1, "losses": [1.071745254099369, 0.94936728104949, 0.7301897754271826, 0.48658898659050465, 0.2860433521370093, 0.17168122359241048, 0.13589411694556475, 0.10937302419915795, 0.10986286122351885, 0.09504573373124003, 0.09620170993730426, 0.0947946086525917, 0.08535806237099071, 0.08153242136662205, 0.06904837768524885, 0.07517161623885234, 0.06758323090616614, 0.07239463133737445, 0.07446076829607289, 0.06753178169795622, 0.06701730354689062, 0.05708673025947064, 0.06412652647122741, 0.0585139359269912, 0.06414272310212255, 0.0669426442667221, 0.06117510966335734, 0.061670494343464576, 0.053074404946528375, 0.0604577932972461, 0.05560290716433277, 0.06165161042008549, 0.06486286191890638, 0.05956289622311791, 0.060454056753466524], "fid_scores": [350.83998625896334, 300.7437538598091, 291.0291886409876, 274.16159372342275, 266.99647374678307, 260.3167617251362], "fid_scores_epochs": [0, 7, 14, 21, 28, 34], "dataset": "square96_random0.0025", "UNET_size": "mid", "optimizer": "Adam", "seed": 0, "exited_loss_na": false, "execution_time": 955.8380519999992}