{"IMG_SIZE": 96, "BATCH_SIZE": 16, "LEARNING_RATE": 0.0001, "NUM_EPOCHS": 35, "NUM_GENERATE_IMAGES": 9, "NUM_TIMESTEPS": 500, "MIXED_PRECISION": "fp16", "GRADIENT_ACCUMULATION_STEPS": 1, "losses": [0.04502916564478686, 0.04644383080303669, 0.047558320392119255, 0.0416810796351025, 0.04327680789130299, 0.04053852554214628, 0.04131296704474249, 0.03985287020669172, 0.03528607185733946, 0.03637608762242292, 0.03482338755734657, 0.03511725681784906, 0.03549567388468667, 0.0320785079151392, 0.03309397772934876, 0.0320526920062931, 0.032573479453199786, 0.03287108264079219, 0.029907754847877905, 0.030837541377465975, 0.03026373965763732, 0.030668472763347, 0.03117254965595509, 0.02841514694063287, 0.02923323594425854, 0.028631093647134932, 0.029007353118963932, 0.029397850865988354, 0.026958240921560087, 0.02761369211305129, 0.027161316720670774, 0.027574128677186213, 0.028133239842167024, 0.02587654344051292, 0.026658248362180434], "fid_scores": [233.655564140772, 193.384008872915, 174.0639580791962, 175.84359931159244, 193.98719626536743, 177.19869043022447, 176.3344351931908, 173.64111604817947], "fid_scores_epochs": [0, 5, 10, 15, 20, 25, 30, 34], "dataset": "square96_random0.005", "UNET_size": "mid", "optimizer": "Adam", "seed": 0}