{"IMG_SIZE": 96, "BATCH_SIZE": 16, "LEARNING_RATE": 0.0001, "NUM_EPOCHS": 35, "NUM_GENERATE_IMAGES": 9, "NUM_TIMESTEPS": 500, "MIXED_PRECISION": "fp16", "GRADIENT_ACCUMULATION_STEPS": 1, "losses": [0.02608531274783768, 0.02600470226944277, 0.02698246146013078, 0.0250838647743589, 0.02516750062962896, 0.025772218195427406, 0.02607638026636682, 0.026766833677691847, 0.02468718155532291, 0.024579550262148444, 0.02509538415133169, 0.025334132384312782, 0.025874824096497738, 0.02384052762859746, 0.023747268882825186, 0.024229771349775164, 0.0244732520248937, 0.02493273578584194, 0.022951285982210384, 0.022911884660195364, 0.023387351455657106, 0.023674062168911884, 0.024134865966870596, 0.02222608430311084, 0.022204189105449537, 0.022714798814175943, 0.023006382314978462, 0.02352263269651877, 0.021682444268739536, 0.021724671517547808, 0.02228104017772957, 0.02263988418700664, 0.023217750703425785, 0.021448643525180063, 0.021529809194371887], "fid_scores": [172.9080115276681, 178.13813831250522, 167.53934127905373, 170.64907306448748, 173.06649433437983, 175.74081676083168, 175.63849486237504, 175.47962750442935], "fid_scores_epochs": [0, 5, 10, 15, 20, 25, 30, 34], "dataset": "square96_random0.005", "UNET_size": "small", "optimizer": "Adam", "seed": 3, "exited_loss_na": false, "execution_time": 929.4965196999983}