{
    "IMG_SIZE": 96,
    "BATCH_SIZE": 16,
    "LEARNING_RATE": 1e-05,
    "NUM_EPOCHS": 35,
    "NUM_GENERATE_IMAGES": 9,
    "NUM_TIMESTEPS": 500,
    "MIXED_PRECISION": "fp16",
    "GRADIENT_ACCUMULATION_STEPS": 1,
    "losses": [
        1.0716017385323842,
        0.9492885991930962,
        0.7311526015400887,
        0.4877134580165148,
        0.28670241124928,
        0.17175573576241732,
        0.13635104692851505,
        0.10913723551978667,
        0.10887829765367012,
        0.09571403303804497,
        0.09546338433089356,
        0.09499311718779306,
        0.08466699773756166,
        0.08167656526590387,
        0.06897025982228418,
        0.07511768769472837,
        0.06790415240296473,
        0.07171001774258912,
        0.07468886906281114,
        0.06740394102719922,
        0.06728818383999169,
        0.05773351655807346,
        0.06385547143872827,
        0.05882336024660617,
        0.06360007589682937,
        0.06737709937927623,
        0.06112166680395603,
        0.06207388422141472,
        0.05350044781031708,
        0.060108831889616944,
        0.055967233066136636,
        0.06115298493144413,
        0.06528470156869541,
        0.05952847326019158,
        0.060931866600488625
    ],
    "fid_scores": [
        355.03283995676736,
        298.92518843043536,
        291.44235906275765,
        279.60209250253445,
        267.9796207095603,
        268.49315849660076
    ],
    "fid_scores_epochs": [
        0,
        7,
        14,
        21,
        28,
        34
    ],
    "dataset": "square96_random0.0025",
    "UNET_size": "mid",
    "optimizer": "Adam",
    "seed": 2,
    "exited_loss_na": false,
    "execution_time": 951.0116497999988
}