{
    "IMG_SIZE": 96,
    "BATCH_SIZE": 16,
    "LEARNING_RATE": 0.001,
    "NUM_EPOCHS": 35,
    "NUM_GENERATE_IMAGES": 9,
    "NUM_TIMESTEPS": 500,
    "MIXED_PRECISION": "fp16",
    "GRADIENT_ACCUMULATION_STEPS": 1,
    "losses": [
        0.47042340335125726,
        0.08693909606275459,
        0.06410620866032939,
        0.058254049819273256,
        0.058436387684196234,
        NaN
    ],
    "fid_scores": [
        302.556787430469
    ],
    "fid_scores_epochs": [
        0
    ],
    "dataset": "square96_random0.0025",
    "UNET_size": "mid",
    "optimizer": "Adam",
    "seed": 2,
    "exited_loss_na": true,
    "execution_time": 160.62498699999924
}