{"IMG_SIZE": 96, "BATCH_SIZE": 16, "LEARNING_RATE": 0.0001, "NUM_EPOCHS": 35, "NUM_GENERATE_IMAGES": 9, "NUM_TIMESTEPS": 500, "MIXED_PRECISION": "fp16", "GRADIENT_ACCUMULATION_STEPS": 1, "losses": [1.1785640964905422, 1.018510840833187, 0.7674955738087496, 0.5058185899009308, 0.2908135758092006, 0.16954786283895373, 0.13331382007648548, 0.10606025469799836, 0.09436649417815109, 0.0975525564669321, 0.07995768155281742, 0.08471779408864677, 0.07478001752557854, 0.07680572367583711, 0.07864357065409422, 0.07037013412142794, 0.06887432762111227, 0.05822308792266995, 0.05474780437846979, 0.06258620802933972, 0.05285610111119846, 0.06003931110414366, 0.05526653153356165, 0.059187226734745, 0.06279159205344816, 0.056558791819649436, 0.05739327799528837, 0.049065427078555025, 0.047218255853901304, 0.055168324654611446, 0.047249583372225366, 0.05442776573666682, 0.05068366532213986, 0.05571270897053182, 0.05971715381989876], "fid_scores": [325.661124946291, 293.20694522449094, 252.4972298980157, 248.63738841965386, 241.15659604292773], "fid_scores_epochs": [0, 10, 20, 30, 34], "dataset": "square96_random0.0025", "UNET_size": "big", "optimizer": "Adam", "seed": 2, "exited_loss_na": false, "execution_time": 2240.8568705}