{
    "IMG_SIZE": 96,
    "BATCH_SIZE": 16,
    "LEARNING_RATE": 0.001,
    "NUM_EPOCHS": 35,
    "NUM_GENERATE_IMAGES": 9,
    "NUM_TIMESTEPS": 500,
    "MIXED_PRECISION": "fp16",
    "GRADIENT_ACCUMULATION_STEPS": 1,
    "losses": [
        1.09087668855985,
        1.0727519318461418,
        1.036776011188825,
        0.9901179360846678,
        0.9332061409950256,
        0.8656434478859106,
        0.7877083271741867,
        0.6965699605643749,
        0.6192891858518124,
        0.5248731256773075,
        0.4485829925785462,
        0.3796321290234725,
        0.3165143020451069,
        0.2670900225639343,
        0.21634411749740443,
        0.20990275032818317,
        0.18598618622248372,
        0.18581451009958982,
        0.18465754886468252,
        0.17681004960710803,
        0.17134769912809134,
        0.15185779721165696,
        0.16352199483662844,
        0.1524566663429141,
        0.15982447750866413,
        0.16464200088133416,
        0.16110415384173393,
        0.15906047557170191,
        0.14233034507681927,
        0.15563456372668347,
        0.14646957349032164,
        0.15505538446207842,
        0.1610981795626382,
        0.1585652770784994,
        0.1573406714014709
    ],
    "fid_scores": [
        355.588325023954,
        350.3764493740588,
        316.14859206528644,
        306.56165270105873,
        305.5978820861557,
        301.38554176622216
    ],
    "fid_scores_epochs": [
        0,
        7,
        14,
        21,
        28,
        34
    ],
    "dataset": "square96_random0.0025",
    "UNET_size": "mid",
    "optimizer": "SGD",
    "seed": 1,
    "exited_loss_na": false,
    "execution_time": 689.7758924999998
}