{"IMG_SIZE": 96, "BATCH_SIZE": 16, "LEARNING_RATE": 0.0001, "NUM_EPOCHS": 35, "NUM_GENERATE_IMAGES": 9, "NUM_TIMESTEPS": 500, "MIXED_PRECISION": "fp16", "GRADIENT_ACCUMULATION_STEPS": 1, "losses": [1.0820629471226741, 1.081878850334569, 1.0821225894124884, 1.0809216248361688, 1.079784581535741, 1.0791665315628052, 1.077894693926761, 1.07716829525797, 1.0749383286425942, 1.072753341574418, 1.0712181392468905, 1.0689912595246966, 1.06734856178886, 1.0640807590986554, 1.0609369340695833, 1.0584908159155595, 1.0554370064484446, 1.0529883974476864, 1.0487226436012669, 1.0446544948377108, 1.041398337012843, 1.037574422986884, 1.0344132937883075, 1.0291531901610524, 1.0242268098028082, 1.020293166762904, 1.0157815280713534, 1.0123088453945361, 1.006775388592168, 1.002494620649438, 1.000288840971495, 0.99843619685424, 0.9984245927710282, 0.9963253987462897, 0.9954589542589689], "fid_scores": [353.7247302345859, 355.3551061029773, 355.56626749523025, 355.6774055740114, 355.61823369995545, 355.52309375856237, 354.6137242801327, 353.361279459213], "fid_scores_epochs": [0, 5, 10, 15, 20, 25, 30, 34], "dataset": "square96_random0.001", "UNET_size": "small", "optimizer": "SGD", "seed": 1, "exited_loss_na": false, "execution_time": 177.9667044}