{"IMG_SIZE": 96, "BATCH_SIZE": 16, "LEARNING_RATE": 0.0001, "NUM_EPOCHS": 50, "NUM_GENERATE_IMAGES": 9, "NUM_TIMESTEPS": 500, "MIXED_PRECISION": "fp16", "GRADIENT_ACCUMULATION_STEPS": 1, "losses": [0.004139002652740792, 0.004139024037009988, 0.004139053777448441, 0.00413905644029575, 0.004139036625795262, 0.004139015576679651, 0.0041390067732304725, 0.004138998355789993, 0.004138979533270589, 0.004138956160137528, 0.004138948702204384, 0.0041389291284998, 0.004138921496556386, 0.004138922353128069, 0.004138899350685901, 0.004138877271601048, 0.004138875880744308, 0.0041388677953938515, 0.0041388561655032, 0.004138840954309624, 0.0041388346298940875, 0.0041388138399557454, 0.004138818386893131, 0.004138792306184769, 0.0041387818183896965, 0.004138769880917511, 0.004138768164710583, 0.004138756990065112, 0.004138738764327412, 0.004138740687018358, 0.004138742705292411, 0.004138720944205201, 0.004138717351873454, 0.004138695887338958, 0.004138697399512717, 0.004138696831528489, 0.004138686498749609, 0.004138681350741536, 0.004138668980694523, 0.0041386687595054115, 0.0041386518933761276, 0.004138651606626809, 0.004138651403819063, 0.004138648318200323, 0.004138648462800407, 0.004138648640486951, 0.004138640906220596, 0.004138637964589227, 0.0041386371331387445, 0.004138637335333777], "fid_scores": [139.84240535732502, 139.9544979387386, 140.079614991714, 140.02133143806992, 140.0447822725381, 140.04272970490624, 140.02765145990503, 140.03337209037892, 140.06725632111426, 140.05128092386136, 140.0164319295646, 140.0298946640786, 140.0460355021439, 140.02518557490168, 139.96661382676683, 139.95787520143884, 139.93684748842432, 139.94051211672908, 139.96455426796132, 139.94603800326553, 139.90378867586975, 139.98270269639494, 139.97880374879014, 139.94832164307732, 139.90739768363466, 139.86601285275196, 139.92164943518085, 139.89243016237612, 139.86577118861962, 139.83773706183015, 139.84744662682, 139.84352055013852, 139.84731529096112, 139.85559271652164, 139.8682931756431, 139.7797042653659, 139.7760342216548, 139.80237626724855, 139.8313428497434, 139.79543181196084, 139.81858702923392, 139.82349126898382, 139.8458684150619, 139.85172114368413, 139.82343859649896, 139.84968651458263, 139.84293720256392, 139.86317528005497, 139.87937589730396, 139.84217512525115], "dataset": "square96_random0.01", "UNET_size": "mid", "optimizer": "SGD"}