{"IMG_SIZE": 96, "BATCH_SIZE": 16, "LEARNING_RATE": 0.0001, "NUM_EPOCHS": 50, "NUM_GENERATE_IMAGES": 9, "NUM_TIMESTEPS": 500, "MIXED_PRECISION": "fp16", "GRADIENT_ACCUMULATION_STEPS": 1, "losses": [0.036088157048154816, 0.036088137309017936, 0.03608801954082753, 0.036087906242985475, 0.0360877474622899, 0.036087586289565814, 0.03608745384079061, 0.036087296177682124, 0.036087117304927425, 0.03608703825034593, 0.03608687605806871, 0.0360867821562447, 0.036086595435871886, 0.036086552992070975, 0.036086537757594336, 0.03608634581201171, 0.036086164949167714, 0.03608601231029943, 0.03608598015516212, 0.03608585210811151, 0.036085775945531695, 0.03608567976931992, 0.03608561691484953, 0.03608552818431666, 0.03608548971579263, 0.03608535734544459, 0.03608525980165914, 0.036085268644321905, 0.03608521693141053, 0.03608514447451422, 0.03608507357145611, 0.036085050852086985, 0.036085056788042975, 0.03608493173102799, 0.036084893674246575, 0.03608482501126434, 0.03608482316822598, 0.03608483134425784, 0.03608478686625236, 0.03608476778394298, 0.03608484366712601, 0.03608476732318339, 0.036084807522006726, 0.03608483082957958, 0.03608477329345126, 0.0360847911503362, 0.03608484098589734, 0.03608487614087368, 0.036084853813640384, 0.036084857489913705], "fid_scores": [182.64065171758259, 182.6153743105947, 182.59148544476815, 182.59850187552368, 182.59947452360748, 182.58680591166603, 182.6115694510455, 182.58268619592408, 182.69477738025074, 182.64921757122454, 182.6111687635852, 182.63982482607676, 182.6350322519295, 182.57873358782493, 182.59058597868543, 182.6188738971888, 182.61797988740682, 182.61896431868774, 182.59101883202413, 182.63171251020665, 182.6184366504699, 182.5840302771964, 182.6143607223449, 182.60583576305083, 182.57021110972642, 182.56085053216617, 182.56354123041532, 182.59423506462616, 182.57383482269645, 182.5552356557075, 182.54446335563227, 182.54471756326421, 182.5626454741061, 182.58774509836076, 182.61556619707355, 182.62369135887894, 182.61267256499977, 182.61061827690062, 182.59764003275552, 182.62809907484046, 182.62063195629779, 182.60455937562762, 182.6110870180854, 182.63182432531454, 182.60212146823415, 182.62002999558547, 182.59827503813852, 182.62546704974267, 182.62848260899932, 182.62848260899932], "dataset": "square96_random0.01", "UNET_size": "big", "optimizer": "SGD"}