{"IMG_SIZE": 256, "BATCH_SIZE": 8, "LEARNING_RATE": 0.0001, "NUM_EPOCHS": 20, "NUM_GENERATE_IMAGES": 9, "NUM_TIMESTEPS": 500, "MIXED_PRECISION": "fp16", "GRADIENT_ACCUMULATION_STEPS": 1, "losses": [0.09782261691525539, 0.027833143083899625, 0.025561341947303362, 0.022968389761159908, 0.022172835242189957, 0.021642955909986883, 0.020730321776578915, 0.021057523458109958, 0.019690372325887898, 0.019262008176806893, 0.019447684539776876, 0.018729916830561896, 0.019428038069029832, 0.0186939827404243, 0.018502465406147698, 0.01854465549570904, 0.018361362795244734, 0.017927745613822405, 0.01815733962205772, 0.01842060562507016], "dataset": "square256_random0.05", "UNET_size": "small", "optimizer": "Adam", "seed": 0, "exited_loss_na": false, "execution_time": 5841.2530025}