{"IMG_SIZE": 96, "BATCH_SIZE": 16, "LEARNING_RATE": 0.0001, "NUM_EPOCHS": 35, "NUM_GENERATE_IMAGES": 9, "NUM_TIMESTEPS": 500, "MIXED_PRECISION": "fp16", "GRADIENT_ACCUMULATION_STEPS": 1, "losses": [1.0820906726937545, 1.082070789839092, 1.0826729912506907, 1.0820139646530151, 1.0815906273691278, 1.0819044301384373, 1.081684620756852, 1.082186027577049, 1.0814196875220852, 1.080873916023656, 1.081088430003116, 1.0807846784591675, 1.0811988930953176, 1.0803355668720447, 1.079704617199145, 1.0798038306989168, 1.0793806879143966, 1.0796750972145481, 1.078698246102584, 1.0779560741625334, 1.0779655669864856, 1.0774826313319958, 1.077690093140853, 1.0766036886917918, 1.0757506709349782, 1.075667337367409, 1.075082829124049, 1.0752475449913426, 1.0741052439338283, 1.0733113477104588, 1.073402762413025, 1.0731141880938881, 1.073648917047601, 1.072904066035622, 1.072504482771221], "fid_scores": [353.72670400339086, 355.14927344056605, 355.27410009719335, 355.3625037862131, 355.4153275612598, 355.49372940052535, 355.58882544934175, 354.0970532938995], "fid_scores_epochs": [0, 5, 10, 15, 20, 25, 30, 34], "dataset": "square96_random0.001", "UNET_size": "small", "optimizer": "SGD", "seed": 1, "exited_loss_na": false, "execution_time": 178.5548179}