{
    "IMG_SIZE": 96,
    "BATCH_SIZE": 16,
    "LEARNING_RATE": 1e-05,
    "NUM_EPOCHS": 35,
    "NUM_GENERATE_IMAGES": 9,
    "NUM_TIMESTEPS": 500,
    "MIXED_PRECISION": "fp16",
    "GRADIENT_ACCUMULATION_STEPS": 1,
    "losses": [
        1.2093324835101764,
        1.2091281190514565,
        1.208761232594649,
        1.2068937743703525,
        1.2055422191818554,
        1.205010215441386,
        1.2033823654055595,
        1.2045887559652328,
        1.20279577622811,
        1.1988003849983215,
        1.1994819889465969,
        1.1948078895608585,
        1.1925417532523472,
        1.1891891087094943,
        1.1866603344678879,
        1.1852040166656177,
        1.182899144788583,
        1.1836865122119586,
        1.1819336861371994,
        1.1785028576850891,
        1.17969761043787,
        1.1761807228128116,
        1.1748909155527751,
        1.1727686698238056,
        1.1715355043609936,
        1.1713606293002765,
        1.1703343292077382,
        1.1723832214872043,
        1.171965129673481,
        1.1699764505028725,
        1.1723218460877736,
        1.1701205298304558,
        1.1699377323190372,
        1.168856071929137,
        1.168537326157093
    ],
    "fid_scores": [
        316.647196237839,
        326.29639419374075,
        327.2547521361346,
        327.5995041447238,
        320.1438454626226
    ],
    "fid_scores_epochs": [
        0,
        10,
        20,
        30,
        34
    ],
    "dataset": "square96_random0.0025",
    "UNET_size": "big",
    "optimizer": "SGD",
    "seed": 0,
    "exited_loss_na": false,
    "execution_time": 1526.896054500001
}