{"IMG_SIZE": 96, "BATCH_SIZE": 16, "LEARNING_RATE": 0.0001, "NUM_EPOCHS": 35, "NUM_GENERATE_IMAGES": 9, "NUM_TIMESTEPS": 500, "MIXED_PRECISION": "fp16", "GRADIENT_ACCUMULATION_STEPS": 1, "losses": [1.0829898432681435, 1.0829701674611945, 1.0824345852199353, 1.08193123968024, 1.0817497843190242, 1.0815537854244834, 1.0825827058992887, 1.08194899559021, 1.0813358582948382, 1.0810335247140181, 1.080736473986977, 1.0816789489043386, 1.0809664788999056, 1.0802511980659084, 1.0798626197011847, 1.079455764670121, 1.0802701711654663, 1.0794474011973332, 1.078612296204818, 1.0781125143954629, 1.0776194020321495, 1.0783653510244269, 1.0774676486065513, 1.0765154800916974, 1.0759066280565763, 1.0753287202433537, 1.0759564261687429, 1.0750341666372198, 1.074015692660683, 1.0734631387810958, 1.0730674078589992, 1.0739799110512984, 1.0734387887151617, 1.0728147343585366, 1.0726586266567832], "fid_scores": [355.0868300246309, 353.5158466278944, 353.6034678455916, 353.6809680411469, 353.70653011454215, 353.8321665337549, 353.8190185330138, 353.21891055227115], "fid_scores_epochs": [0, 5, 10, 15, 20, 25, 30, 34], "dataset": "square96_random0.001", "UNET_size": "small", "optimizer": "SGD", "seed": 3, "exited_loss_na": false, "execution_time": 178.2062416}