{
    "IMG_SIZE": 96,
    "BATCH_SIZE": 16,
    "LEARNING_RATE": 0.0001,
    "NUM_EPOCHS": 35,
    "NUM_GENERATE_IMAGES": 9,
    "NUM_TIMESTEPS": 500,
    "MIXED_PRECISION": "fp16",
    "GRADIENT_ACCUMULATION_STEPS": 1,
    "losses": [
        0.9939293054242929,
        0.3223013364089032,
        0.10982394094268481,
        0.09256017192577322,
        0.08406218599217634,
        0.07083846675232053,
        0.06555385623748104,
        0.049461072155584894,
        0.044121262268163264,
        0.04844737992001077,
        0.0396925148088485,
        0.04587121672617892,
        0.038652766457137964,
        0.0432661734521389,
        0.045581479906104505,
        0.040226219939844064,
        0.04069430738066634,
        0.03199380956357345,
        0.031572971978069596,
        0.03620120229121918,
        0.030244860604094963,
        0.036223434028215706,
        0.03215568753269812,
        0.03549849381670356,
        0.038883797999005765,
        0.034823229866257556,
        0.03560573087694744,
        0.028712877926106255,
        0.028560560487676412,
        0.03304639511043206,
        0.027798458895025153,
        0.03336867272931462,
        0.029887021461036056,
        0.03296079358551651,
        0.036600189516320825
    ],
    "fid_scores": [
        328.59208714188435,
        226.36685595215164,
        231.11994231243395,
        212.36820568792658,
        205.92065388164042
    ],
    "fid_scores_epochs": [
        0,
        10,
        20,
        30,
        34
    ],
    "dataset": "square96_random0.0025",
    "UNET_size": "big",
    "optimizer": "Adam",
    "seed": 1,
    "exited_loss_na": false,
    "execution_time": 2261.0363669
}