{
    "IMG_SIZE": 96,
    "BATCH_SIZE": 16,
    "LEARNING_RATE": 1e-05,
    "NUM_EPOCHS": 35,
    "NUM_GENERATE_IMAGES": 9,
    "NUM_TIMESTEPS": 500,
    "MIXED_PRECISION": "fp16",
    "GRADIENT_ACCUMULATION_STEPS": 1,
    "losses": [
        1.077042321364085,
        1.036297746002674,
        0.9567647874355316,
        0.8492542852958044,
        0.7224809465308984,
        0.5869028531014919,
        0.4526116419583559,
        0.33275335064778727,
        0.2589160113905867,
        0.21237617855270705,
        0.17932996386662126,
        0.156020050868392,
        0.13836918755744895,
        0.13684274349361658,
        0.13334204675629735,
        0.12561420599619547,
        0.11851408379152417,
        0.1103314518307646,
        0.11421901530896623,
        0.11474893257642786,
        0.10961151138568918,
        0.10529168454619746,
        0.09916789317503572,
        0.10445602253700297,
        0.1063737409034123,
        0.10216664716911812,
        0.0992032370219628,
        0.09416622187321384,
        0.10022390439795952,
        0.10293869107651214,
        0.0993491238138328,
        0.09714150886672239,
        0.09268581308424473,
        0.09917096359034379,
        0.10226023468809824
    ],
    "fid_scores": [
        337.97076139437064,
        326.66335916062417,
        301.14894475627835,
        295.25706163848486,
        292.5452677821694,
        291.84465606782527,
        290.5706964555965,
        295.94527613587866
    ],
    "fid_scores_epochs": [
        0,
        5,
        10,
        15,
        20,
        25,
        30,
        34
    ],
    "dataset": "square96_random0.0025",
    "UNET_size": "small",
    "optimizer": "Adam",
    "seed": 4,
    "exited_loss_na": false,
    "execution_time": 432.49669289999997
}