{"IMG_SIZE": 96, "BATCH_SIZE": 16, "LEARNING_RATE": 0.0001, "NUM_EPOCHS": 35, "NUM_GENERATE_IMAGES": 9, "NUM_TIMESTEPS": 500, "MIXED_PRECISION": "fp16", "GRADIENT_ACCUMULATION_STEPS": 1, "losses": [1.0829969958255166, 1.0828134072454352, 1.08218168584924, 1.0810176447818154, 1.0790027442731356, 1.078175055353265, 1.0788056724949886, 1.077216807164644, 1.0750105631978888, 1.071984893397281, 1.0702526192916066, 1.0698524148840654, 1.0673810933765613, 1.0641116970463802, 1.06019253479807, 1.0575684559972662, 1.0562202679483514, 1.052995713133561, 1.0486966685244912, 1.0439384736512836, 1.0405334673429791, 1.0382635593414307, 1.0343967048745406, 1.0290667822486477, 1.0235447193446912, 1.0194922371914512, 1.016353870693006, 1.0122601734964471, 1.0066215991973877, 1.0018424266263057, 0.9995374177631579, 0.9989252215937564, 0.9983622023933812, 0.9961408721773248, 0.9948149605801231], "fid_scores": [360.04949509386825, 362.6388252672633, 362.929430483188, 362.859451716693, 362.77253493148055, 362.5065176283308, 361.731073531226, 358.33362153576036], "fid_scores_epochs": [0, 5, 10, 15, 20, 25, 30, 34], "dataset": "square96_random0.001", "UNET_size": "small", "optimizer": "SGD", "seed": 4, "exited_loss_na": false, "execution_time": 180.44582479999997}