{
    "IMG_SIZE": 96,
    "BATCH_SIZE": 16,
    "LEARNING_RATE": 1e-05,
    "NUM_EPOCHS": 35,
    "NUM_GENERATE_IMAGES": 9,
    "NUM_TIMESTEPS": 500,
    "MIXED_PRECISION": "fp16",
    "GRADIENT_ACCUMULATION_STEPS": 1,
    "losses": [
        1.0840843866268794,
        1.0839679092168808,
        1.0822464674711227,
        1.0825646941860516,
        1.0821619927883148,
        1.08192311724027,
        1.0814308648308117,
        1.0790459141135216,
        1.078753153483073,
        1.0777284353971481,
        1.0768369038899739,
        1.0758023286859195,
        1.07298893481493,
        1.0724917973081272,
        1.0713705991705258,
        1.0705281769235928,
        1.0696433981259663,
        1.0670460412899654,
        1.0667949964602788,
        1.065983275572459,
        1.0654819657405217,
        1.0649700239300728,
        1.0626942565043767,
        1.0628989413380623,
        1.0625016242265701,
        1.0623931636412938,
        1.062261496980985,
        1.0604090094566345,
        1.060999718805154,
        1.060958206653595,
        1.0611722071965535,
        1.0613481029868126,
        1.0597616508603096,
        1.0605748146772385,
        1.060714674492677
    ],
    "fid_scores": [
        337.7805006444712,
        336.1165422116226,
        335.9874480770301,
        335.74363447759566,
        335.7614034488176,
        335.6579557395101,
        335.60970693659647,
        337.7147414853796
    ],
    "fid_scores_epochs": [
        0,
        5,
        10,
        15,
        20,
        25,
        30,
        34
    ],
    "dataset": "square96_random0.0025",
    "UNET_size": "small",
    "optimizer": "SGD",
    "seed": 2,
    "exited_loss_na": false,
    "execution_time": 326.0611550000001
}