{"IMG_SIZE": 96, "BATCH_SIZE": 16, "LEARNING_RATE": 0.0001, "NUM_EPOCHS": 35, "NUM_GENERATE_IMAGES": 9, "NUM_TIMESTEPS": 500, "MIXED_PRECISION": "fp16", "GRADIENT_ACCUMULATION_STEPS": 1, "losses": [0.9978512996121457, 0.599736224663885, 0.24497112945506447, 0.12063580829846232, 0.10166347771883011, 0.0908403222106005, 0.08605621264953363, 0.08442110666318943, 0.06155314198450038, 0.06376620264429796, 0.05979873867411362, 0.06040882436852706, 0.06353385854316385, 0.04571046493947506, 0.04883533618167827, 0.0475929683368457, 0.0497411463997866, 0.05382915997975751, 0.03810989503797732, 0.04299948776238843, 0.04304208381003455, 0.044963349245096505, 0.04897106899634788, 0.03548901910452466, 0.03859073747145502, 0.0397007826127504, 0.04248275725465072, 0.04591366462409496, 0.032650522397536984, 0.03599230082411515, 0.036320034806665624, 0.03874044483037371, 0.040954826595751864, 0.030058720394184713, 0.03327942629785914], "fid_scores": [350.58875112206437, 324.25596441701856, 301.49613161882274, 272.78511702189064, 271.78588950446203, 270.9453448003902, 276.7837373864429, 277.7866171890314], "fid_scores_epochs": [0, 5, 10, 15, 20, 25, 30, 34], "dataset": "square96_random0.001", "UNET_size": "small", "optimizer": "Adam", "seed": 0, "exited_loss_na": false, "execution_time": 258.01459550000004}