{
    "IMG_SIZE": 96,
    "BATCH_SIZE": 16,
    "LEARNING_RATE": 1e-05,
    "NUM_EPOCHS": 35,
    "NUM_GENERATE_IMAGES": 9,
    "NUM_TIMESTEPS": 500,
    "MIXED_PRECISION": "fp16",
    "GRADIENT_ACCUMULATION_STEPS": 1,
    "losses": [
        1.0773850257198017,
        1.0366846943895023,
        0.9567886007328829,
        0.8497798157234987,
        0.7233252935111523,
        0.5875620817144712,
        0.4527941880126794,
        0.33308326670279104,
        0.2594785230855147,
        0.21338007474939027,
        0.17939205281436443,
        0.15510175206388035,
        0.13807758844147125,
        0.1366724205824236,
        0.13393798672283688,
        0.1253975941799581,
        0.11750368184099595,
        0.11000964953564107,
        0.11392138541365664,
        0.1151191300402085,
        0.10926730007243653,
        0.10420519012647371,
        0.09875256381928921,
        0.10405140828030805,
        0.1065806297895809,
        0.10175868721368413,
        0.09810611194310088,
        0.09370114662063618,
        0.09979354815247159,
        0.1030777635363241,
        0.09891356985705595,
        0.09605162202691038,
        0.09222081924478213,
        0.09873306634835899,
        0.10238430377406378
    ],
    "fid_scores": [
        336.6535188626285,
        331.8858333577251,
        306.0954718244126,
        300.3686271442109,
        298.84687791116573,
        298.0462761355499,
        296.24095849391824,
        297.85915557920265
    ],
    "fid_scores_epochs": [
        0,
        5,
        10,
        15,
        20,
        25,
        30,
        34
    ],
    "dataset": "square96_random0.0025",
    "UNET_size": "small",
    "optimizer": "Adam",
    "seed": 3,
    "exited_loss_na": false,
    "execution_time": 433.1643123000001
}