{"IMG_SIZE": 96, "BATCH_SIZE": 16, "LEARNING_RATE": 0.0001, "NUM_EPOCHS": 35, "NUM_GENERATE_IMAGES": 9, "NUM_TIMESTEPS": 500, "MIXED_PRECISION": "fp16", "GRADIENT_ACCUMULATION_STEPS": 1, "losses": [1.0217835567891598, 0.7095530976851782, 0.32744038353363675, 0.1710321007606884, 0.13377298352619013, 0.11069536410893004, 0.09753353917039931, 0.08172968674140672, 0.08219025284051895, 0.07998986061041553, 0.06899169102932017, 0.06526781995004664, 0.05694391194265336, 0.060853009150984384, 0.061791134804176785, 0.05497686056575427, 0.05352563985312978, 0.047661109788653754, 0.052695710522433124, 0.054678190926400326, 0.049327527677329876, 0.048488832040069006, 0.04355884805166473, 0.04896446930555006, 0.051055541184420385, 0.04599027768320715, 0.04576330269143606, 0.04139133040249968, 0.046683435405914984, 0.049115775735117495, 0.0442936912101383, 0.04437444102950394, 0.04035738894405464, 0.045634521443086364, 0.048354020497451224], "fid_scores": [332.47631067450993, 302.072113078343, 279.42402618675555, 255.9990811545837, 243.23245617306173, 224.96342947234976, 224.40296112794854, 211.7071705649785], "fid_scores_epochs": [0, 5, 10, 15, 20, 25, 30, 34], "dataset": "square96_random0.0025", "UNET_size": "small", "optimizer": "Adam", "seed": 0, "exited_loss_na": false, "execution_time": 450.31305900000007}