{
    "IMG_SIZE": 96,
    "BATCH_SIZE": 16,
    "LEARNING_RATE": 0.001,
    "NUM_EPOCHS": 35,
    "NUM_GENERATE_IMAGES": 9,
    "NUM_TIMESTEPS": 500,
    "MIXED_PRECISION": "fp16",
    "GRADIENT_ACCUMULATION_STEPS": 1,
    "losses": [
        0.4870102076480786,
        0.08709797100163996,
        0.06241188264296701,
        0.05951131880283356,
        NaN
    ],
    "fid_scores": [
        296.0589711904845
    ],
    "fid_scores_epochs": [
        0
    ],
    "dataset": "square96_random0.0025",
    "UNET_size": "big",
    "optimizer": "Adam",
    "seed": 0,
    "exited_loss_na": true,
    "execution_time": 282.85092349999996
}