{"IMG_SIZE": 96, "BATCH_SIZE": 16, "LEARNING_RATE": 0.0001, "NUM_EPOCHS": 35, "NUM_GENERATE_IMAGES": 9, "NUM_TIMESTEPS": 500, "MIXED_PRECISION": "fp16", "GRADIENT_ACCUMULATION_STEPS": 1, "losses": [1.082237218817075, 1.0698826313018799, 1.0432233313719432, 1.0107464492321014, 0.9688246784110864, 0.9200511947274208, 0.8641885258257389, 0.7991909148792425, 0.7390379942953587, 0.6746235775450865, 0.6059109233319759, 0.5386793147772551, 0.4735664390027523, 0.43043574318289757, 0.3903559781610966, 0.3530906659240524, 0.32057193480432034, 0.29121563490480185, 0.2829740388939778, 0.2731769240150849, 0.260308220051229, 0.24643967083344856, 0.23223121371120214, 0.23566288904597363, 0.23527075505505005, 0.22970387743165097, 0.2218032485495011, 0.21275068012376627, 0.2202175660058856, 0.22330809819201627, 0.22055955417454243, 0.2150463443249464, 0.2080139241491755, 0.21703214726100364, 0.22136050276458263], "fid_scores": [336.44891475537383, 336.98079378286616, 341.38652219966343, 322.00357004817124, 315.78517368360315, 313.4829421570562, 313.29275533925875, 314.1167602988371], "fid_scores_epochs": [0, 5, 10, 15, 20, 25, 30, 34], "dataset": "square96_random0.0025", "UNET_size": "small", "optimizer": "SGD", "seed": 3, "exited_loss_na": false, "execution_time": 320.6608427000001}