{
    "IMG_SIZE": 96,
    "BATCH_SIZE": 16,
    "LEARNING_RATE": 0.0001,
    "NUM_EPOCHS": 35,
    "NUM_GENERATE_IMAGES": 9,
    "NUM_TIMESTEPS": 500,
    "MIXED_PRECISION": "fp16",
    "GRADIENT_ACCUMULATION_STEPS": 1,
    "losses": [
        1.02193862075607,
        0.7093174159526825,
        0.3283354466160138,
        0.1705482113175094,
        0.13269929013525447,
        0.11116756250460942,
        0.09533297464561959,
        0.08226427102151017,
        0.081547375380372,
        0.07869548420421779,
        0.06941928858092676,
        0.06365812111956377,
        0.05755231739021838,
        0.060407180416708194,
        0.061471208930015564,
        0.05598971092452606,
        0.052499881596304476,
        0.04793709745475402,
        0.05202729367495825,
        0.05384508155596753,
        0.04951771748407433,
        0.047512511121264346,
        0.04391632011781136,
        0.04809679789468646,
        0.050084543375608824,
        0.04607319331262261,
        0.044950778557298086,
        0.04165481354963655,
        0.04591933284730961,
        0.04808536951895803,
        0.044301447458565235,
        0.04364018314906085,
        0.040646517222436764,
        0.04496578581165522,
        0.04727777512744069
    ],
    "fid_scores": [
        336.641316601805,
        296.7566123823095,
        277.2005644038503,
        253.55013304086734,
        243.01604962189919,
        224.68197095260808,
        217.98167346393834,
        219.3676035833106
    ],
    "fid_scores_epochs": [
        0,
        5,
        10,
        15,
        20,
        25,
        30,
        34
    ],
    "dataset": "square96_random0.0025",
    "UNET_size": "small",
    "optimizer": "Adam",
    "seed": 3,
    "exited_loss_na": false,
    "execution_time": 459.7196140000001
}