{
    "IMG_SIZE": 96,
    "BATCH_SIZE": 16,
    "LEARNING_RATE": 0.0001,
    "NUM_EPOCHS": 50,
    "NUM_GENERATE_IMAGES": 9,
    "NUM_TIMESTEPS": 500,
    "MIXED_PRECISION": "fp16",
    "GRADIENT_ACCUMULATION_STEPS": 1,
    "losses": [
        0.9806195572802895,
        0.5209739551732414,
        0.19025282204935426,
        0.12219745116798501,
        0.10253151745388382,
        0.09097918422990724,
        0.08255019146752984,
        0.07601667656318138,
        0.0707492954440807,
        0.0664761742086787,
        0.06300728418129055,
        0.06005766280975781,
        0.05738610149802346,
        0.05504605211317539,
        0.052999827755909217,
        0.05123063544497678,
        0.049790602226398493,
        0.04859982516224447,
        0.04717764862273869,
        0.045968874877220706,
        0.04493178308598305,
        0.04410365527299674,
        0.043358408247953964,
        0.042635217142340386,
        0.04186231526301095,
        0.04118741776205991,
        0.04059324901256906,
        0.04005033413046285,
        0.03957477786431187,
        0.03914948228844686,
        0.0387742140771527,
        0.03844003008776589,
        0.03814750262291024,
        0.0378342591030033,
        0.03752998313621471,
        0.03726869508329975,
        0.037048993254766655,
        0.036861594977151406,
        0.03670407663540621,
        0.03657481971834051,
        0.036469677374943305,
        0.03638429234882719,
        0.03631638857585035,
        0.03626177817288982,
        0.03621758277478971,
        0.03618369143162119,
        0.036153952703860244,
        0.03612583452639611,
        0.03610301312353266,
        0.036090490614113055
    ],
    "fid_scores": [
        297.30254167858504,
        288.874057421059,
        274.30691043401794,
        267.5660563737788,
        264.1532572817882,
        258.2351667562129,
        251.8240126814285,
        241.3570390482731,
        233.4775256217124,
        227.99768332257105,
        225.52024645501197,
        225.14991807119685,
        220.75962766688562,
        216.07755260998485,
        215.3527720809953,
        215.53951168936848,
        214.3648949922605,
        204.80891514886693,
        200.97525105485107,
        199.51896154824712,
        198.07764466850176,
        196.09014972336158,
        193.62175238252846,
        191.3438814677531,
        191.24156665428492,
        191.4744437016745,
        191.67573606287039,
        192.73685464852355,
        192.6521311171838,
        191.48880491528655,
        189.3805767448829,
        189.4485332712019,
        188.66598309355388,
        188.81111426705695,
        187.58608044505024,
        187.20513117551133,
        187.7568586825874,
        188.513536132513,
        188.08061191327437,
        186.93594409661512,
        186.59210315073418,
        185.80537976974176,
        185.06866070969687,
        184.36145168517464,
        183.8042234367213,
        183.1827365801791,
        182.69885010957546,
        182.40304983515838,
        182.51754278705351,
        182.628516489347
    ],
    "dataset": "square96_random0.01",
    "UNET_size": "small",
    "optimizer": "Adam"
}