{
    "IMG_SIZE": 96,
    "BATCH_SIZE": 16,
    "LEARNING_RATE": 0.0001,
    "NUM_EPOCHS": 35,
    "NUM_GENERATE_IMAGES": 9,
    "NUM_TIMESTEPS": 500,
    "MIXED_PRECISION": "fp16",
    "GRADIENT_ACCUMULATION_STEPS": 1,
    "losses": [
        1.209123894572258,
        1.2089203596115112,
        1.2086398676037788,
        1.207333542406559,
        1.2053773726026218,
        1.2048120548327763,
        1.2029750992854435,
        1.204582192003727,
        1.2023531471689541,
        1.1988014976183574,
        1.1995342522859573,
        1.1946420694390933,
        1.1924815873305004,
        1.189623753229777,
        1.1865379040439923,
        1.185056559741497,
        1.1825787896911304,
        1.1836767047643661,
        1.1815634394685428,
        1.1784948358933132,
        1.1798061033089955,
        1.1760753368337948,
        1.174887182811896,
        1.173201230665048,
        1.1714491099119186,
        1.17125108341376,
        1.1700594425201416,
        1.1723688518007596,
        1.1716276357571285,
        1.169971913099289,
        1.1724590063095093,
        1.1700347090760868,
        1.169946198662122,
        1.1692807922760646,
        1.1684535369277
    ],
    "fid_scores": [
        321.5582595363834,
        322.9137378909714,
        323.7406843288121,
        324.10312915687814,
        323.89074366200896
    ],
    "fid_scores_epochs": [
        0,
        10,
        20,
        30,
        34
    ],
    "dataset": "square96_random0.0025",
    "UNET_size": "big",
    "optimizer": "SGD",
    "seed": 2,
    "exited_loss_na": false,
    "execution_time": 1524.5142048000016
}