{"IMG_SIZE": 96, "BATCH_SIZE": 16, "LEARNING_RATE": 0.0001, "NUM_EPOCHS": 35, "NUM_GENERATE_IMAGES": 9, "NUM_TIMESTEPS": 500, "MIXED_PRECISION": "fp16", "GRADIENT_ACCUMULATION_STEPS": 1, "losses": [1.2050786366065342, 1.1837086429198582, 1.1435226798057556, 1.0881360719601314, 1.0235911458730698, 0.9500821890930334, 0.8659851551055908, 0.7700717747211456, 0.6744841275115808, 0.586363056053718, 0.4818371484676997, 0.4141501182069381, 0.3366230959072709, 0.28999024381240207, 0.251302204405268, 0.22116391702244678, 0.20196185540407896, 0.17211615138997635, 0.16159948178877434, 0.16915098670870066, 0.15186509722843766, 0.16387576765070358, 0.15383640164509416, 0.16061853617429733, 0.16251584126924476, 0.1599645302630961, 0.15846060014640292, 0.1405951933314403, 0.1379983980829517, 0.15056353295221925, 0.13816614247237644, 0.15238694489623109, 0.14526770388086638, 0.1539048512155811, 0.15753643463055292], "fid_scores": [322.3274889977549, 322.3439371183093, 304.6166574853051, 302.7307759835174, 307.1582538334797], "fid_scores_epochs": [0, 10, 20, 30, 34], "dataset": "square96_random0.0025", "UNET_size": "big", "optimizer": "SGD", "seed": 4, "exited_loss_na": false, "execution_time": 1532.0949858000022}