{
    "IMG_SIZE": 96,
    "BATCH_SIZE": 16,
    "LEARNING_RATE": 1e-05,
    "NUM_EPOCHS": 35,
    "NUM_GENERATE_IMAGES": 9,
    "NUM_TIMESTEPS": 500,
    "MIXED_PRECISION": "fp16",
    "GRADIENT_ACCUMULATION_STEPS": 1,
    "losses": [
        1.0772162651022275,
        1.0364057421684265,
        0.957234208782514,
        0.849340076247851,
        0.7228006422519684,
        0.5864130258560181,
        0.45263595941166085,
        0.3331448081880808,
        0.2589233086133997,
        0.21377549848208824,
        0.17880171304568648,
        0.15619603032246232,
        0.1382278323483964,
        0.1364336951325337,
        0.13494597856576243,
        0.1250475749062995,
        0.11883400520309806,
        0.11009087064303458,
        0.11378912053381403,
        0.11634921763713162,
        0.10902227950282395,
        0.1056064198880146,
        0.0988431825923423,
        0.10399813437834382,
        0.10789182169052462,
        0.10157028120011091,
        0.09953685795577864,
        0.09381208522245288,
        0.09976957753921549,
        0.10440200730226934,
        0.09876770976309975,
        0.09747061141145726,
        0.09233302623033524,
        0.09872186455565195,
        0.10370122245512903
    ],
    "fid_scores": [
        337.58089432353574,
        328.6677748926729,
        303.595299955506,
        297.48393048229514,
        295.6504985126401,
        294.26187509888877,
        292.8630278801727,
        294.83666579429035
    ],
    "fid_scores_epochs": [
        0,
        5,
        10,
        15,
        20,
        25,
        30,
        34
    ],
    "dataset": "square96_random0.0025",
    "UNET_size": "small",
    "optimizer": "Adam",
    "seed": 2,
    "exited_loss_na": false,
    "execution_time": 433.5657264
}