{
    "IMG_SIZE": 96,
    "BATCH_SIZE": 16,
    "LEARNING_RATE": 0.0001,
    "NUM_EPOCHS": 35,
    "NUM_GENERATE_IMAGES": 9,
    "NUM_TIMESTEPS": 500,
    "MIXED_PRECISION": "fp16",
    "GRADIENT_ACCUMULATION_STEPS": 1,
    "losses": [
        1.2082629104455311,
        1.206036848326524,
        1.2018366108338039,
        1.1943218111991882,
        1.185266988972823,
        1.1756565024455388,
        1.1625751629471779,
        1.1507345885038376,
        1.1355106706420581,
        1.1173392112056415,
        1.1009071469306946,
        1.081525022784869,
        1.063545748591423,
        1.0466373811165492,
        1.0311486298839252,
        1.0168340255816777,
        1.0019686346252759,
        0.9876023605465889,
        0.9751287015775839,
        0.965081337839365,
        0.9529453503588835,
        0.9465756254891554,
        0.9363883982102076,
        0.9307097531855106,
        0.9253470624486605,
        0.9202761153380076,
        0.9150094836950302,
        0.908375408500433,
        0.9054507277905941,
        0.9059301689267159,
        0.9013147441049417,
        0.9047651315728823,
        0.9018685234089693,
        0.9036112216611704,
        0.9044225960969925
    ],
    "fid_scores": [
        322.03056031202595,
        326.22296091025373,
        330.21114994874415,
        330.61476405600695,
        334.77500088983044
    ],
    "fid_scores_epochs": [
        0,
        10,
        20,
        30,
        34
    ],
    "dataset": "square96_random0.0025",
    "UNET_size": "big",
    "optimizer": "SGD",
    "seed": 4,
    "exited_loss_na": false,
    "execution_time": 1529.8234991000027
}