{"IMG_SIZE": 96, "BATCH_SIZE": 16, "LEARNING_RATE": 0.0001, "NUM_EPOCHS": 50, "NUM_GENERATE_IMAGES": 9, "NUM_TIMESTEPS": 500, "MIXED_PRECISION": "fp16", "GRADIENT_ACCUMULATION_STEPS": 1, "losses": [0.011360539555990774, 0.011360621236656841, 0.011360653486151836, 0.01136062257236948, 0.01136059578826749, 0.0113604878283743, 0.011360433256547701, 0.011360370025872008, 0.011360349563734704, 0.011360263140676053, 0.011360213321045433, 0.011360109173447678, 0.011360092470912558, 0.01136003853998294, 0.011359954310434036, 0.011359907958754583, 0.011359847631109388, 0.011359781358930234, 0.011359741252013727, 0.011359718770376946, 0.01135965511692982, 0.011359601964144723, 0.011359545503939061, 0.011359515452855512, 0.01135948630368435, 0.011359413300248745, 0.011359413816152434, 0.011359345310024525, 0.01135930494944516, 0.011359277039178108, 0.011359255498667297, 0.011359231656809387, 0.011359172767812484, 0.011359187841758524, 0.01135913006177074, 0.011359144252185758, 0.011359124993415255, 0.01135909864433894, 0.011359038219885214, 0.01135905909376513, 0.01135905027316001, 0.01135902803783354, 0.01135905936703478, 0.011359024670367179, 0.011359047177737874, 0.011359033321863726, 0.011359015455175387, 0.01135897669745119, 0.011358987453001502, 0.011359008503342538], "fid_scores": [133.1653835388191, 133.49811511035995, 133.68982635204276, 133.71227887482604, 133.63596342899137, 133.56981655870527, 133.65379745607706, 133.556048080107, 133.55894088347745, 133.55953437513799, 133.5424212752598, 133.57455634101132, 133.61419549039186, 133.60983199227582, 133.58236504302872, 133.68939827778627, 133.63485085005743, 133.5367448141169, 133.57530311218815, 133.57295755301908, 133.55124427988892, 133.43652563948478, 133.41891951415369, 133.46161812659187, 133.38826179553058, 133.3262406028467, 133.24223405786546, 133.2314514295199, 133.17057885516746, 133.23609298510092, 133.15020850055691, 133.17653233666834, 133.2107037080765, 133.1440850375102, 133.15689354908304, 133.13863274848552, 133.13380206760564, 133.1013519515998, 133.02500114634918, 133.08766233064028, 133.06315294222526, 133.00499920518794, 133.01273205300197, 133.04150407887016, 133.01696370933217, 133.05743460728607, 133.04316742552422, 133.03425488257406, 133.07254323128507, 133.03700893800206], "dataset": "square96_random0.01", "UNET_size": "small", "optimizer": "SGD"}