{"IMG_SIZE": 96, "BATCH_SIZE": 16, "LEARNING_RATE": 0.0001, "NUM_EPOCHS": 35, "NUM_GENERATE_IMAGES": 9, "NUM_TIMESTEPS": 500, "MIXED_PRECISION": "fp16", "GRADIENT_ACCUMULATION_STEPS": 1, "losses": [0.4706426231811444, 0.08682567439973354, 0.06291441177017987, 0.058784277023126684, NaN], "fid_scores": [296.5113882191914], "fid_scores_epochs": [0], "dataset": "square96_random0.0025", "UNET_size": "mid", "optimizer": "Adam", "seed": 0, "exited_loss_na": true, "execution_time": 151.06088830000044}