{
    "IMG_SIZE": 96,
    "BATCH_SIZE": 16,
    "LEARNING_RATE": 0.0001,
    "NUM_EPOCHS": 35,
    "NUM_GENERATE_IMAGES": 9,
    "NUM_TIMESTEPS": 500,
    "MIXED_PRECISION": "fp16",
    "GRADIENT_ACCUMULATION_STEPS": 1,
    "losses": [
        1.0843818932771683,
        1.0831339259942372,
        1.0785371238986652,
        1.0758560945590336,
        1.071126696964105,
        1.0651122679313023,
        1.0582929352919261,
        1.0476751650373142,
        1.0395119860768318,
        1.0294908707340558,
        1.018358012040456,
        1.007019218057394,
        0.9932707125941912,
        0.9841283050676187,
        0.9744286313652992,
        0.9646066476901373,
        0.9552132027844588,
        0.9436583990852038,
        0.9378004136184851,
        0.9312507671614488,
        0.9243763672808806,
        0.9179172068834305,
        0.9094357254604498,
        0.9073166772723198,
        0.9042228509982427,
        0.900524859627088,
        0.89716304341952,
        0.8916417621076107,
        0.8926883079111576,
        0.8923914606372515,
        0.891166228801012,
        0.8900097993512949,
        0.8864440955221653,
        0.88920775304238,
        0.890247069299221
    ],
    "fid_scores": [
        339.3387165236812,
        337.002540820285,
        335.10762267197265,
        334.65019006400723,
        335.22569492955455,
        335.3974054126562,
        335.48688819268443,
        333.7782138268286
    ],
    "fid_scores_epochs": [
        0,
        5,
        10,
        15,
        20,
        25,
        30,
        34
    ],
    "dataset": "square96_random0.0025",
    "UNET_size": "small",
    "optimizer": "SGD",
    "seed": 1,
    "exited_loss_na": false,
    "execution_time": 321.3513861000001
}