{"IMG_SIZE": 96, "BATCH_SIZE": 16, "LEARNING_RATE": 0.0001, "NUM_EPOCHS": 35, "NUM_GENERATE_IMAGES": 9, "NUM_TIMESTEPS": 500, "MIXED_PRECISION": "fp16", "GRADIENT_ACCUMULATION_STEPS": 1, "losses": [1.0820491062967401, 1.0754472393738597, 1.0621825017427142, 1.0421055304376703, 1.015947975610432, 0.985450123485766, 0.950695746823361, 0.9101983591129905, 0.8616536855697632, 0.8107535337146959, 0.7602453514149314, 0.7083211823513633, 0.6569202134483739, 0.5947537798630563, 0.538753518932744, 0.4876117816096858, 0.4389039497626455, 0.3953149350065934, 0.3396458296399367, 0.3011217807468615, 0.2704916565041793, 0.2473570477021368, 0.2299342210355558, 0.19743936312826058, 0.18505756478560598, 0.17459356157403244, 0.16880748303313003, 0.16482156985684446, 0.14349734194968877, 0.14242379994768845, 0.14076269614069084, 0.14323450507302032, 0.1462804788821622, 0.13094352224939748, 0.13463727149524188], "fid_scores": [359.97953526264473, 362.72646737744515, 355.3793281395889, 354.26303551010847, 344.97089482552394, 337.26466716842583, 336.4783616590576, 333.201130466524], "fid_scores_epochs": [0, 5, 10, 15, 20, 25, 30, 34], "dataset": "square96_random0.001", "UNET_size": "small", "optimizer": "Adam", "seed": 4, "exited_loss_na": false, "execution_time": 239.59205359999999}