{"IMG_SIZE": 96, "BATCH_SIZE": 16, "LEARNING_RATE": 0.0001, "NUM_EPOCHS": 35, "NUM_GENERATE_IMAGES": 9, "NUM_TIMESTEPS": 500, "MIXED_PRECISION": "fp16", "GRADIENT_ACCUMULATION_STEPS": 1, "losses": [0.7019002915670475, 0.13599054499839744, 0.08618449699133635, 0.07678612181916833, 0.06885724506961803, 0.05780877716218432, 0.0517000750793765, 0.044236196496058255, 0.048604804440401495, 0.049200226979640625, 0.04510248846296842, 0.04203615327908968, 0.03782775125000626, 0.04216408426873386, 0.043061892909463495, 0.039703685809702925, 0.037571307620964944, 0.034425001979495086, 0.03806850372347981, 0.0394507238913017, 0.03674186950471873, 0.0350057077788127, 0.03244739681637535, 0.03560801090983053, 0.03685446087426195, 0.03428965296673899, 0.03320059838006273, 0.03102837223559618, 0.033868230549463384, 0.035405338858254254, 0.03305543363482381, 0.0319890370980526, 0.030068454856518656, 0.03301593471163263, 0.03457102196989581], "fid_scores": [313.6081573989927, 264.60424799634023, 232.05728995712684, 222.11205736986577, 211.91981183057408, 210.41139406366406, 204.47397423507908, 208.4769011041488], "fid_scores_epochs": [0, 5, 10, 15, 20, 25, 30, 34], "dataset": "square96_random0.0025", "UNET_size": "small", "optimizer": "Adam", "seed": 4, "exited_loss_na": false, "execution_time": 465.1692286000007}