{"IMG_SIZE": 96, "BATCH_SIZE": 16, "LEARNING_RATE": 0.0001, "NUM_EPOCHS": 35, "NUM_GENERATE_IMAGES": 9, "NUM_TIMESTEPS": 500, "MIXED_PRECISION": "fp16", "GRADIENT_ACCUMULATION_STEPS": 1, "losses": [1.0776992067694664, 1.0368489896257718, 0.956887656201919, 0.8493300229310989, 0.7230554074048996, 0.5869270575543245, 0.4532043809692065, 0.3322013585517804, 0.2583161313086748, 0.21428045288970074, 0.17961994837969542, 0.157216457494845, 0.13728023242826262, 0.13552117440849543, 0.13497573835775256, 0.12589899900679788, 0.11950854134435455, 0.10922243578049044, 0.1128717918569843, 0.11622643610462546, 0.10998423870963354, 0.10622820514254272, 0.0980193834596624, 0.10311186406761408, 0.10779214502933125, 0.10255720668161909, 0.10014068180074294, 0.09300411492586136, 0.09888696034128468, 0.1043626048291723, 0.09973729277650516, 0.09807064686901867, 0.09151139583749075, 0.09784406097605824, 0.1036844402551651], "fid_scores": [338.85565628850225, 330.3332202154166, 304.78161269907173, 298.9788647260459, 297.1165072299617, 295.8662721237299, 295.2429006603737, 293.3055250752611], "fid_scores_epochs": [0, 5, 10, 15, 20, 25, 30, 34], "dataset": "square96_random0.0025", "UNET_size": "small", "optimizer": "Adam", "seed": 1, "exited_loss_na": false, "execution_time": 430.3826756}