{
    "IMG_SIZE": 96,
    "BATCH_SIZE": 16,
    "LEARNING_RATE": 0.0001,
    "NUM_EPOCHS": 35,
    "NUM_GENERATE_IMAGES": 9,
    "NUM_TIMESTEPS": 500,
    "MIXED_PRECISION": "fp16",
    "GRADIENT_ACCUMULATION_STEPS": 1,
    "losses": [
        0.9188253333171209,
        0.3103706465723614,
        0.11285477550700307,
        0.09581533803914984,
        0.08632567835350831,
        0.07327749708201736,
        0.06744642035725217,
        0.05176295588413874,
        0.0547294404823333,
        0.04838605046582719,
        0.05199279465402166,
        0.05176205948616067,
        0.04676528082927689,
        0.045273424165012933,
        0.03658509155502543,
        0.04101363392934824,
        0.03796149281940112,
        0.04159348652077218,
        0.04361325925371299,
        0.04007178721561407,
        0.03967850608751178,
        0.03234366944525391,
        0.03682248251667867,
        0.034235720755532384,
        0.03744377463590354,
        0.03939192222120861,
        0.03642323516154041,
        0.03652246325509623,
        0.03011694907521208,
        0.03454122789359341,
        0.03235959981490547,
        0.035622062374992915,
        0.03743097135641923,
        0.03481829379840443,
        0.03542646146767462
    ],
    "fid_scores": [
        341.44846292196485,
        273.7232310430733,
        225.08424981641866,
        222.1679061660646,
        215.32307414158458,
        208.73843169624288
    ],
    "fid_scores_epochs": [
        0,
        7,
        14,
        21,
        28,
        34
    ],
    "dataset": "square96_random0.0025",
    "UNET_size": "mid",
    "optimizer": "Adam",
    "seed": 4,
    "exited_loss_na": false,
    "execution_time": 969.2397738
}