{"IMG_SIZE": 96, "BATCH_SIZE": 16, "LEARNING_RATE": 0.0001, "NUM_EPOCHS": 35, "NUM_GENERATE_IMAGES": 9, "NUM_TIMESTEPS": 500, "MIXED_PRECISION": "fp16", "GRADIENT_ACCUMULATION_STEPS": 1, "losses": [0.027692570282440435, 0.027326097035486448, 0.026773409506208018, 0.02493866498729116, 0.024567018542438746, 0.02531176982447505, 0.026450928643737968, 0.02613051583696353, 0.024468530812545828, 0.02419507811336141, 0.024996248961083198, 0.0261950814018124, 0.025919418051642808, 0.024294211960544713, 0.02403642007296807, 0.024845537793283398, 0.02605180097743869, 0.025791077252085272, 0.024182985840659393, 0.02393175708130002, 0.02474415883617966, 0.025953631259893115, 0.025703050201072504, 0.02410760614040651, 0.023862155036706672, 0.02467838503714455, 0.02589171047959673, 0.02564939521743279, 0.024064000333218198, 0.023823948292747924, 0.02464512323862628, 0.02586218141215412, 0.025626142876908967, 0.02404765633768157, 0.023811096639225357], "fid_scores": [172.1337076161288, 170.67633267509396, 170.3739653166084, 170.1701144588633, 170.04643808011983, 169.7871073565779, 170.7159226664238, 170.48562210456984], "fid_scores_epochs": [0, 5, 10, 15, 20, 25, 30, 34], "dataset": "square96_random0.005", "UNET_size": "small", "optimizer": "Adam", "seed": 4, "exited_loss_na": false, "execution_time": 707.8281100000022}