{"IMG_SIZE": 96, "BATCH_SIZE": 16, "LEARNING_RATE": 0.0001, "NUM_EPOCHS": 35, "NUM_GENERATE_IMAGES": 9, "NUM_TIMESTEPS": 500, "MIXED_PRECISION": "fp16", "GRADIENT_ACCUMULATION_STEPS": 1, "losses": [1.0827062129974365, 1.0807894907499616, 1.0764305215132863, 1.070051400285018, 1.0620734817103337, 1.0525292597318952, 1.0423718000713147, 1.029623872355411, 1.014228720414011, 0.9979240925688493, 0.9813561784593683, 0.9641019890182897, 0.9463091053460774, 0.9236061196578177, 0.9009651039776049, 0.880291317638598, 0.8579140901565552, 0.8377877756168968, 0.8085916010957015, 0.7809548503474185, 0.7581304249010588, 0.7320522603235746, 0.7116720801905582, 0.6770166974318655, 0.6462379380276329, 0.623152168173539, 0.595595541753267, 0.5781507774403221, 0.5439501012626448, 0.520337175381811, 0.5105343461036682, 0.4998915242521386, 0.5035733815870787, 0.48826874871003, 0.4836147694211257], "fid_scores": [355.29489993788036, 354.01549331228443, 351.59586691334573, 348.1300882428476, 349.23381825372405, 353.75404293877295, 349.6745663179038, 346.7442839553064], "fid_scores_epochs": [0, 5, 10, 15, 20, 25, 30, 34], "dataset": "square96_random0.001", "UNET_size": "small", "optimizer": "SGD", "seed": 3, "exited_loss_na": false, "execution_time": 179.6340192}