{"IMG_SIZE": 96, "BATCH_SIZE": 16, "LEARNING_RATE": 0.0001, "NUM_EPOCHS": 35, "NUM_GENERATE_IMAGES": 9, "NUM_TIMESTEPS": 500, "MIXED_PRECISION": "fp16", "GRADIENT_ACCUMULATION_STEPS": 1, "losses": [0.04107586931633322, 0.043113410453263085, 0.044911917681364634, 0.04035223000927975, 0.04088622116924901, 0.03894291781869374, 0.03834198558408963, 0.038396717656991985, 0.034105965318648436, 0.03457555818910661, 0.03349358725704645, 0.0335092187908135, 0.034157569030005684, 0.030817497403998122, 0.03183293870013011, 0.03130437635669583, 0.03140290015818257, 0.03166492364712452, 0.028832000346952363, 0.029482654589963585, 0.029141705443984582, 0.029386375981726144, 0.029732097185363893, 0.027136831936475477, 0.02781012769004232, 0.027388763123829114, 0.0274447890439708, 0.027919589188930234, 0.0255464347569566, 0.02605591634484498, 0.025719651021063328, 0.025787522197750053, 0.02647561633371209, 0.02433440522535851, 0.024932686592403212], "fid_scores": [195.76383420089564, 205.01368392352967, 194.4746370344923, 267.5223231433446, 189.13170447526718, 186.2096710374258, 187.15424210932852, 176.17875112036702], "fid_scores_epochs": [0, 5, 10, 15, 20, 25, 30, 34], "dataset": "square96_random0.005", "UNET_size": "big", "optimizer": "Adam", "seed": 0, "exited_loss_na": false, "execution_time": 3447.2241841}