{"IMG_SIZE": 96, "BATCH_SIZE": 16, "LEARNING_RATE": 0.0001, "NUM_EPOCHS": 35, "NUM_GENERATE_IMAGES": 9, "NUM_TIMESTEPS": 500, "MIXED_PRECISION": "fp16", "GRADIENT_ACCUMULATION_STEPS": 1, "losses": [1.093289591372013, 1.09140449265639, 1.0869154433409374, 1.0812276949485142, 1.0742088705301285, 1.0662424166997273, 1.054787536462148, 1.0420215874910355, 1.0300660381714504, 1.0142251290380955, 0.9989655055105686, 0.9840146464606127, 0.9692336171865463, 0.9532420411705971, 0.93643569201231, 0.9261262491345406, 0.9109018668532372, 0.9005642260114352, 0.8909178997079531, 0.880760632455349, 0.8701319533089796, 0.8572692759335041, 0.8546435348689556, 0.8449093227585157, 0.8417826195557913, 0.8387180976569653, 0.8345321441690127, 0.8299550948043665, 0.8221989274024963, 0.8259054037431875, 0.821212307860454, 0.8232350076238314, 0.8245336773494879, 0.824020329862833, 0.8226161152124405], "fid_scores": [349.2827200515893, 357.50173015756354, 360.37825486282065, 358.3518757461923, 357.8267049508987, 352.1560393979353], "fid_scores_epochs": [0, 7, 14, 21, 28, 34], "dataset": "square96_random0.0025", "UNET_size": "mid", "optimizer": "SGD", "seed": 0, "exited_loss_na": false, "execution_time": 686.8443635000003}