{"IMG_SIZE": 96, "BATCH_SIZE": 16, "LEARNING_RATE": 0.0001, "NUM_EPOCHS": 35, "NUM_GENERATE_IMAGES": 9, "NUM_TIMESTEPS": 500, "MIXED_PRECISION": "fp16", "GRADIENT_ACCUMULATION_STEPS": 1, "losses": [1.073374490988882, 1.0122785411382977, 0.9015724094290483, 0.749954879283905, 0.5803861633727425, 0.42333428483260305, 0.29572821212442296, 0.22042294552451686, 0.16065125716359993, 0.13842607485620598, 0.12610103268372386, 0.11964119657089836, 0.11905755769265325, 0.09831885169995458, 0.09569545678402248, 0.09235551365112003, 0.09083105741362822, 0.09409151559597567, 0.07664738438631359, 0.07646602215735536, 0.07404290590631335, 0.07416565833907378, 0.07903227974709712, 0.06383882462978363, 0.06436153893408023, 0.06266281734171666, 0.0633421708878718, 0.06862847977562954, 0.055339611870677846, 0.056419343148407186, 0.05536766820832303, 0.056757052674105295, 0.06249752170161197, 0.05142657939148577, 0.053410469701415615], "fid_scores": [355.2274796188136, 339.6242592990178, 329.16855027478516, 318.14430044377366, 310.0135375678955, 298.853374929873, 296.12844008369086, 286.35259373102934], "fid_scores_epochs": [0, 5, 10, 15, 20, 25, 30, 34], "dataset": "square96_random0.001", "UNET_size": "small", "optimizer": "Adam", "seed": 3, "exited_loss_na": false, "execution_time": 241.7959323}