{
    "IMG_SIZE": 96,
    "BATCH_SIZE": 16,
    "LEARNING_RATE": 0.0001,
    "NUM_EPOCHS": 35,
    "NUM_GENERATE_IMAGES": 9,
    "NUM_TIMESTEPS": 500,
    "MIXED_PRECISION": "fp16",
    "GRADIENT_ACCUMULATION_STEPS": 1,
    "losses": [
        1.0905968025326729,
        1.0725077042977016,
        1.0370330686370532,
        0.9897898634274801,
        0.9330608583986759,
        0.8657204111417135,
        0.7878365342815717,
        0.6969268620014191,
        0.6197239346802235,
        0.5253791318585476,
        0.4483237514893214,
        0.3788747452199459,
        0.3157684129352371,
        0.2668298402180274,
        0.21703304070979357,
        0.21008491748943925,
        0.1857910005686184,
        0.18610501056537032,
        0.1838159264686207,
        0.17565856454893947,
        0.170599391994377,
        0.1524379882030189,
        0.16358975476274887,
        0.15206203811491528,
        0.16033433796837926,
        0.16387929519017538,
        0.15983461060871682,
        0.15817779131854573,
        0.14289270776013532,
        0.15572447562590241,
        0.1460426221601665,
        0.15563358894238868,
        0.16036778952305517,
        0.1572721746439735,
        0.15644027991220355
    ],
    "fid_scores": [
        349.4525224272883,
        351.5624750930634,
        317.51435581628317,
        308.46067685639,
        307.280951961836,
        300.8781018973864
    ],
    "fid_scores_epochs": [
        0,
        7,
        14,
        21,
        28,
        34
    ],
    "dataset": "square96_random0.0025",
    "UNET_size": "mid",
    "optimizer": "SGD",
    "seed": 0,
    "exited_loss_na": false,
    "execution_time": 689.0167360999985
}