{"IMG_SIZE": 96, "BATCH_SIZE": 16, "LEARNING_RATE": 0.0001, "NUM_EPOCHS": 35, "NUM_GENERATE_IMAGES": 9, "NUM_TIMESTEPS": 500, "MIXED_PRECISION": "fp16", "GRADIENT_ACCUMULATION_STEPS": 1, "losses": [1.082961722424156, 1.0827777072003013, 1.081887395758378, 1.080838548509698, 1.079943336938557, 1.0788218724100214, 1.0787799609334845, 1.0769459950296503, 1.0748516007473594, 1.0729079121037532, 1.0708874401293302, 1.06984459726434, 1.0671527950387252, 1.0639855359729968, 1.0610815725828473, 1.0581842409937006, 1.0562422024576288, 1.052831913295545, 1.04862169842971, 1.0447862650218762, 1.0411221667339927, 1.03831810700266, 1.0343056227031506, 1.02904548770503, 1.0243378940381502, 1.020050180585761, 1.0164520928734226, 1.012255819220292, 1.0066632691182589, 1.0025829986522072, 1.0000748195146258, 0.9990508650478563, 0.9984026582617509, 0.9962192020918194, 0.9955418894165441], "fid_scores": [355.1032581910995, 353.6287474185358, 353.96454550958515, 353.8713046542066, 353.9197554955874, 353.58756663758714, 352.9885070621687, 352.331188730236], "fid_scores_epochs": [0, 5, 10, 15, 20, 25, 30, 34], "dataset": "square96_random0.001", "UNET_size": "small", "optimizer": "SGD", "seed": 3, "exited_loss_na": false, "execution_time": 181.25715289999994}