{"IMG_SIZE": 96, "BATCH_SIZE": 16, "LEARNING_RATE": 0.0001, "NUM_EPOCHS": 35, "NUM_GENERATE_IMAGES": 9, "NUM_TIMESTEPS": 500, "MIXED_PRECISION": "fp16", "GRADIENT_ACCUMULATION_STEPS": 1, "losses": [1.0933074355125427, 1.0931346540649731, 1.0915456861257553, 1.0916537791490555, 1.0913334414362907, 1.0909348006049793, 1.0883688976367314, 1.0875204478700955, 1.086528480052948, 1.0836461906631787, 1.0824514304598172, 1.0809917102257411, 1.0795997604727745, 1.0763686696688335, 1.0748890812198322, 1.073769877354304, 1.0708844512701035, 1.0699977328379948, 1.0690191288789113, 1.0681472743550937, 1.0655549416939418, 1.0646230677763622, 1.0643285488088925, 1.062191091477871, 1.0621198539932568, 1.061988075574239, 1.0619196097056072, 1.0601578677694004, 1.0599526390433311, 1.0604671041170757, 1.0590579683581989, 1.059647540251414, 1.0601093446214993, 1.060551183919112, 1.0592207709948223], "fid_scores": [354.05812041615485, 355.2194495828213, 355.3470812805941, 355.1212284534268, 355.1780099401709, 355.4038033737745], "fid_scores_epochs": [0, 7, 14, 21, 28, 34], "dataset": "square96_random0.0025", "UNET_size": "mid", "optimizer": "SGD", "seed": 4, "exited_loss_na": false, "execution_time": 687.098422699999}