{"IMG_SIZE": 96, "BATCH_SIZE": 16, "LEARNING_RATE": 0.0001, "NUM_EPOCHS": 35, "NUM_GENERATE_IMAGES": 9, "NUM_TIMESTEPS": 500, "MIXED_PRECISION": "fp16", "GRADIENT_ACCUMULATION_STEPS": 1, "losses": [0.06988390313559457, 0.06655675421812032, 0.06111726392256586, 0.055750194446820965, 0.050314618176535555, 0.04925312092037577, 0.048677334042364045, 0.04578070502336088, 0.043629125005712636, 0.040775219321643054, 0.041640217170903555, 0.04280858138870252, 0.04080774514494758, 0.03946827983385638, 0.037067023792157046, 0.03837906765310388, 0.039474468158656045, 0.03829849099642352, 0.03723281399395905, 0.03504193309498461, 0.03644424453377724, 0.037422189518417186, 0.03647858341665645, 0.03571883080233085, 0.033757101901267704, 0.035113668431969065, 0.03602195095859076, 0.03519924265381537, 0.03460713208309914, 0.032740848580081215, 0.03417564751090188, 0.03511806133350259, 0.03451345244324521, 0.03406802080571651, 0.032339944670859135], "fid_scores": [256.09777765420915, 226.782917927224, 202.23138430323272, 195.57450044827397, 186.21642138847912, 174.73812971384936, 173.24882909544726, 173.89719517455433], "fid_scores_epochs": [0, 5, 10, 15, 20, 25, 30, 34], "dataset": "square96_random0.005", "UNET_size": "small", "optimizer": "Adam", "seed": 1, "exited_loss_na": false, "execution_time": 641.25155}