{"IMG_SIZE": 96, "BATCH_SIZE": 16, "LEARNING_RATE": 0.0001, "NUM_EPOCHS": 35, "NUM_GENERATE_IMAGES": 9, "NUM_TIMESTEPS": 500, "MIXED_PRECISION": "fp16", "GRADIENT_ACCUMULATION_STEPS": 1, "losses": [1.0717768355419761, 1.0121930461180837, 0.9004304565881428, 0.7487050075280038, 0.5802129993313238, 0.42288393409628616, 0.29607618482489334, 0.2193058203709753, 0.15806290075967186, 0.13890271986785688, 0.12679713258617803, 0.12153477653076775, 0.11843389037408326, 0.09548208391980122, 0.095782213697308, 0.09291922497121911, 0.09278371028209988, 0.09375099171149104, 0.07408074152312781, 0.07678816604771112, 0.07529143871445405, 0.07673291254200433, 0.079307881821143, 0.061219526552840284, 0.06511494497719564, 0.06383970301402242, 0.06596966499560758, 0.06966437252336427, 0.053018147714043916, 0.05711377059158526, 0.05655731594091967, 0.059428183067786064, 0.06340468606274378, 0.04916087508593735, 0.053767638967225424], "fid_scores": [351.72770588078504, 342.6397731301945, 330.4991429103639, 320.30828553760506, 308.2489212293277, 303.2510490976885, 297.09074942610454, 290.0157540162296], "fid_scores_epochs": [0, 5, 10, 15, 20, 25, 30, 34], "dataset": "square96_random0.001", "UNET_size": "small", "optimizer": "Adam", "seed": 0, "exited_loss_na": false, "execution_time": 234.91043550000003}