{
    "IMG_SIZE": 96,
    "BATCH_SIZE": 16,
    "LEARNING_RATE": 0.0001,
    "NUM_EPOCHS": 35,
    "NUM_GENERATE_IMAGES": 9,
    "NUM_TIMESTEPS": 500,
    "MIXED_PRECISION": "fp16",
    "GRADIENT_ACCUMULATION_STEPS": 1,
    "losses": [
        1.084036389986674,
        1.08278842518727,
        1.0777660285433133,
        1.0755629738171895,
        1.0705814162890117,
        1.0652557238936424,
        1.0579472482204437,
        1.0469798892736435,
        1.0392176881432533,
        1.0289628555377324,
        1.0184019443889458,
        1.006682296593984,
        0.9926962244013945,
        0.9838364434738954,
        0.9739255669216315,
        0.964571780214707,
        0.9548894303540388,
        0.9431885754068693,
        0.9375214303533236,
        0.9307640778521696,
        0.9243163031836351,
        0.9175963600476583,
        0.90902196119229,
        0.9070536059637865,
        0.9037504879136881,
        0.9004510206480821,
        0.8968383880952994,
        0.8912664068241914,
        0.8924264398713907,
        0.8919218964874744,
        0.8910842922826608,
        0.8896805035571257,
        0.886077843606472,
        0.8889527656137943,
        0.8897836605707804
    ],
    "fid_scores": [
        336.60916726501455,
        338.28647645866164,
        336.41884678246925,
        336.1719227715077,
        336.6879587792636,
        337.0960726293279,
        337.0441827589229,
        338.05679133284013
    ],
    "fid_scores_epochs": [
        0,
        5,
        10,
        15,
        20,
        25,
        30,
        34
    ],
    "dataset": "square96_random0.0025",
    "UNET_size": "small",
    "optimizer": "SGD",
    "seed": 3,
    "exited_loss_na": false,
    "execution_time": 330.1157309
}