{"IMG_SIZE": 96, "BATCH_SIZE": 16, "LEARNING_RATE": 0.0001, "NUM_EPOCHS": 35, "NUM_GENERATE_IMAGES": 9, "NUM_TIMESTEPS": 500, "MIXED_PRECISION": "fp16", "GRADIENT_ACCUMULATION_STEPS": 1, "losses": [1.0720418691635132, 0.9492553236583868, 0.7295575886964798, 0.48620019666850567, 0.28651170898228884, 0.17301425198093057, 0.1372642737502853, 0.10892332329725225, 0.10981835254157583, 0.09529157401993871, 0.09502494575766225, 0.09473583653258781, 0.08553136528159182, 0.082441336940974, 0.06832489573086302, 0.07484042039141059, 0.06704958252763997, 0.07102129515260458, 0.07461139808098476, 0.06798147844771545, 0.06798381110032399, 0.05640247627161443, 0.06415179717199256, 0.05813930579461157, 0.06277948485997815, 0.06740022322628647, 0.061431394152653716, 0.06242812114457289, 0.052409162473243974, 0.06053695854886124, 0.05524888801543663, 0.06024970657502612, 0.06537095880291115, 0.05979974525204549, 0.061195904466634], "fid_scores": [357.0834281885502, 299.0885616381893, 292.977214904663, 274.9737257408235, 266.76701876633757, 261.12623198955794], "fid_scores_epochs": [0, 7, 14, 21, 28, 34], "dataset": "square96_random0.0025", "UNET_size": "mid", "optimizer": "Adam", "seed": 1, "exited_loss_na": false, "execution_time": 951.5199853999993}