{
    "IMG_SIZE": 96,
    "BATCH_SIZE": 16,
    "LEARNING_RATE": 0.0001,
    "NUM_EPOCHS": 50,
    "NUM_GENERATE_IMAGES": 9,
    "NUM_TIMESTEPS": 500,
    "MIXED_PRECISION": "fp16",
    "GRADIENT_ACCUMULATION_STEPS": 1,
    "losses": [
        0.2500030832855325,
        0.04792120933140579,
        0.03837324623508673,
        0.034244772203658756,
        0.03228992830079637,
        0.031091244121719347,
        0.03016178859397769,
        0.029511354567090933,
        0.028828020619326516,
        0.028008165646736558,
        0.0275596993607714,
        0.02713529302395488,
        0.026496864056312724,
        0.0260214960717253,
        0.025979839069278615,
        0.025138655187268006,
        0.02485324609534521,
        0.024532367740022508,
        0.024227437247081023,
        0.023482252125579275,
        0.02284261155873537,
        0.022546853093234332,
        0.02222085272109038,
        0.021645595226436852,
        0.02104476200367667,
        0.020463647931127957,
        0.020038244064505162,
        0.01977982820305777,
        0.018909058131669695,
        0.018336918724602774,
        0.017789378970567333,
        0.017414130704281362,
        0.017184336346231007,
        0.01644020468290699,
        0.015727014342126876,
        0.01526985037826786,
        0.014870093012914845,
        0.01439533461571524,
        0.013881377084180713,
        0.013408313613188894,
        0.013004219009982127,
        0.012607530526522743,
        0.012282279952380218,
        0.012046559092490689,
        0.011846397279173528,
        0.011678576457167142,
        0.011562446620021212,
        0.011482399010932759,
        0.011437070156496606,
        0.011389006647330367
    ],
    "fid_scores": [
        248.35586330373854,
        175.00601564490427,
        175.97284403101196,
        166.60088342290197,
        178.75335749297827,
        180.84798209554648,
        186.76867682632175,
        171.81365486639697,
        152.12392451642714,
        172.3545019441894,
        159.3160351803739,
        142.97197817175984,
        145.747664734873,
        159.9439565780909,
        161.9657305516209,
        163.823329017293,
        156.9372350784138,
        151.4340897821417,
        157.5390206665594,
        172.8733736089859,
        153.22988995056406,
        149.38422399676202,
        154.57180559600124,
        148.02192024388023,
        160.2255984114886,
        145.53728383682247,
        146.08883917270916,
        152.11048665249288,
        150.84896616744476,
        148.91329979109946,
        151.49391544481313,
        140.60768254596366,
        152.71212927306618,
        148.52373745080888,
        141.09865944114694,
        138.7295341357784,
        146.24246510136817,
        163.6510634415526,
        167.83731955994054,
        152.7754869314772,
        140.58044639124944,
        140.99544155787655,
        140.4656536509962,
        140.76038623074922,
        138.7567761110673,
        137.6869171419251,
        135.9922207249915,
        134.20020531142623,
        132.40387859520672,
        133.03970586010482
    ],
    "dataset": "square96_random0.01",
    "UNET_size": "small",
    "optimizer": "Adam"
}