{
    "IMG_SIZE": 96,
    "BATCH_SIZE": 16,
    "LEARNING_RATE": 0.0001,
    "NUM_EPOCHS": 35,
    "NUM_GENERATE_IMAGES": 9,
    "NUM_TIMESTEPS": 500,
    "MIXED_PRECISION": "fp16",
    "GRADIENT_ACCUMULATION_STEPS": 1,
    "losses": [
        1.0216863316794236,
        0.7084465877463421,
        0.328600633268555,
        0.17041949446623525,
        0.13419823457176486,
        0.11082270159386098,
        0.09707561313795547,
        0.0828373203985393,
        0.08190272003412247,
        0.0804377926979214,
        0.06958458110845338,
        0.06518526111419003,
        0.05777311864464233,
        0.06033563276287168,
        0.06261269915072869,
        0.055389930649350085,
        0.053538486206283174,
        0.04867636078658203,
        0.05205934875023862,
        0.055112710843483605,
        0.049109782480324306,
        0.04839638500319173,
        0.044317139176807054,
        0.04832770267967135,
        0.05140660749748349,
        0.0461933848176462,
        0.04569752068103602,
        0.042158990050666034,
        0.04625664185732603,
        0.04939859620450685,
        0.0446830807098498,
        0.044330086248616375,
        0.041159828348706164,
        0.04539755821072807,
        0.04871359568399688
    ],
    "fid_scores": [
        337.76002635073803,
        294.2602414787394,
        272.7105897456504,
        244.42589768183208,
        231.93253615165108,
        218.41781721137042,
        219.94145877028424,
        218.96466898805937
    ],
    "fid_scores_epochs": [
        0,
        5,
        10,
        15,
        20,
        25,
        30,
        34
    ],
    "dataset": "square96_random0.0025",
    "UNET_size": "small",
    "optimizer": "Adam",
    "seed": 2,
    "exited_loss_na": false,
    "execution_time": 458.4301410999997
}