{"IMG_SIZE": 96, "BATCH_SIZE": 16, "LEARNING_RATE": 0.0001, "NUM_EPOCHS": 35, "NUM_GENERATE_IMAGES": 9, "NUM_TIMESTEPS": 500, "MIXED_PRECISION": "fp16", "GRADIENT_ACCUMULATION_STEPS": 1, "losses": [0.9981736321198312, 0.6007041680185419, 0.24774075495569328, 0.12400926688784047, 0.10165662945885408, 0.08983938062661573, 0.08345559082533184, 0.08412298246433861, 0.06418626931937117, 0.06176484533046421, 0.058263464487696946, 0.057136202034981626, 0.06243344161071276, 0.04744213005821956, 0.04740244297212676, 0.04677495478015197, 0.04740372035456331, 0.05281270893388673, 0.04047295960940813, 0.04084039018734505, 0.042430244974399865, 0.04355058289672199, 0.04756193951164421, 0.03744951331693875, 0.03787609552474398, 0.03858975203413712, 0.03972260810826954, 0.04400029700053366, 0.034366579971423276, 0.03474665364544643, 0.03475661227773679, 0.03583151499103559, 0.03984133810981324, 0.03178764115038671, 0.03269051657499451], "fid_scores": [348.8063292455563, 320.43656525504855, 307.71291284359256, 276.2231749170131, 265.231099763959, 283.021455740839, 266.6906187581586, 275.4507495874222], "fid_scores_epochs": [0, 5, 10, 15, 20, 25, 30, 34], "dataset": "square96_random0.001", "UNET_size": "small", "optimizer": "Adam", "seed": 3, "exited_loss_na": false, "execution_time": 255.6397579999998}