{"IMG_SIZE": 96, "BATCH_SIZE": 16, "LEARNING_RATE": 0.0001, "NUM_EPOCHS": 35, "NUM_GENERATE_IMAGES": 9, "NUM_TIMESTEPS": 500, "MIXED_PRECISION": "fp16", "GRADIENT_ACCUMULATION_STEPS": 1, "losses": [1.0842141831914585, 1.0840977653861046, 1.0813804219166439, 1.082563730577628, 1.0820176377892494, 1.08231225113074, 1.0815592284003894, 1.0781850044926007, 1.0787507370114326, 1.0775904183586438, 1.0772231742739677, 1.075927473604679, 1.0721418658892314, 1.0724860007564228, 1.071239580710729, 1.0709099570910137, 1.0697627837459247, 1.0662109901507695, 1.0667872577905655, 1.0658600454529126, 1.0658579592903454, 1.065084661046664, 1.0618714864055316, 1.0628889029224713, 1.0623811110854149, 1.0627662539482117, 1.0623781085014343, 1.0595890631278355, 1.0609876836339633, 1.0608420173327129, 1.0615432014067967, 1.0614596009254456, 1.0589444090922673, 1.0605647563934326, 1.0605980803569157], "fid_scores": [336.60476642645494, 338.8568391777648, 338.6835729479981, 338.5055681124551, 338.485609813285, 338.38744781963203, 338.33772819256313, 338.90254846860216], "fid_scores_epochs": [0, 5, 10, 15, 20, 25, 30, 34], "dataset": "square96_random0.0025", "UNET_size": "small", "optimizer": "SGD", "seed": 3, "exited_loss_na": false, "execution_time": 320.6654678}