{"IMG_SIZE": 96, "BATCH_SIZE": 16, "LEARNING_RATE": 0.0001, "NUM_EPOCHS": 35, "NUM_GENERATE_IMAGES": 9, "NUM_TIMESTEPS": 500, "MIXED_PRECISION": "fp16", "GRADIENT_ACCUMULATION_STEPS": 1, "losses": [0.022756243198129692, 0.023659682563064915, 0.02752185212938409, 0.026218262118728537, 0.02731263936056118, 0.028356758828618024, 0.028233220531164033, 0.028849759678307333, 0.026642414407902642, 0.026254202033344068, 0.026713443361222743, 0.027035254887060114, 0.0276673576255378, 0.02557978413410877, 0.025530774239450695, 0.025934318462876898, 0.025957962463756926, 0.0267799334208432, 0.02440590658470204, 0.02422350547521522, 0.024594021740516548, 0.02462923949290263, 0.025277108944168215, 0.02300537028595021, 0.022744871033845763, 0.023139408216076462, 0.0229762876406312, 0.023417732903831884, 0.02137495963589141, 0.021238575390491045, 0.021649028968654182, 0.02153266444802284, 0.022045654930958624, 0.020302766630131946, 0.020332559011876583], "fid_scores": [181.1014365961854, 201.1155856826163, 176.11576034376577, 173.54506816593187, 186.99085482564612, 173.20549261379347, 174.1128327782764, 180.20254064228394], "fid_scores_epochs": [0, 5, 10, 15, 20, 25, 30, 34], "dataset": "square96_random0.005", "UNET_size": "small", "optimizer": "Adam", "seed": 3, "exited_loss_na": false, "execution_time": 1022.2274003999992}