{
    "IMG_SIZE": 96,
    "BATCH_SIZE": 16,
    "LEARNING_RATE": 0.001,
    "NUM_EPOCHS": 35,
    "NUM_GENERATE_IMAGES": 9,
    "NUM_TIMESTEPS": 500,
    "MIXED_PRECISION": "fp16",
    "GRADIENT_ACCUMULATION_STEPS": 1,
    "losses": [
        0.6912855465585986,
        0.13462491263635457,
        0.08555680327117443,
        0.07516220693166058,
        0.06787461581795166,
        0.05917811129863063,
        0.05114392261020839,
        0.04573899012757465,
        0.047799646582764886,
        0.04980914139499267,
        0.04552369217465942,
        0.041401895752642304,
        0.037557312791856624,
        0.0407611559300373,
        0.04288475803332403,
        0.03961363999405876,
        0.03729060722980648,
        0.034330641462778054,
        0.037352914456278086,
        0.03950403886847198,
        0.03630816505756229,
        0.03493494695673386,
        0.03232132135114322,
        0.035322635589788355,
        0.03697511631374558,
        0.033956992478730776,
        0.03327997702096278,
        0.03089680235522489,
        0.033760451284858085,
        0.03523316092711563,
        0.032456126781956605,
        0.0320699971052818,
        0.02996379234051953,
        0.03289167577167973,
        0.034476944497631244
    ],
    "fid_scores": [
        308.7517530735955,
        282.14349603779954,
        233.07287437570184,
        231.66976357350268,
        224.73926794958638,
        231.1148637635429,
        214.90496319812206,
        219.74614817743247
    ],
    "fid_scores_epochs": [
        0,
        5,
        10,
        15,
        20,
        25,
        30,
        34
    ],
    "dataset": "square96_random0.0025",
    "UNET_size": "small",
    "optimizer": "Adam",
    "seed": 3,
    "exited_loss_na": false,
    "execution_time": 464.5113164000004
}