{"IMG_SIZE": 96, "BATCH_SIZE": 16, "LEARNING_RATE": 0.0001, "NUM_EPOCHS": 50, "NUM_GENERATE_IMAGES": 9, "NUM_TIMESTEPS": 500, "MIXED_PRECISION": "fp16", "GRADIENT_ACCUMULATION_STEPS": 1, "losses": [1.0824759866061964, 1.079560143069217, 1.0755510612537986, 1.070380211503882, 1.0651702165603638, 1.060050879026714, 1.0550294361616437, 1.0500766998843143, 1.045230796462611, 1.0404866174647682, 1.0358491345455771, 1.0313006821431612, 1.0269136805283396, 1.0226670867518375, 1.0185530944874412, 1.014554111267391, 1.0107148503002368, 1.0070106443605924, 1.0034848024970606, 1.0000996144194352, 0.9968665665701816, 0.9937930307890239, 0.9908747412656483, 0.9881167618851913, 0.9855038555044877, 0.9830675366677736, 0.9807826468819066, 0.9786691690746107, 0.9766920450486635, 0.9748691853724027, 0.9732089732822619, 0.9716811239719391, 0.9703030099994258, 0.9690400725916812, 0.9679223509211289, 0.9669260840666921, 0.9660508391104247, 0.965301474458293, 0.9646488123818447, 0.964108331579911, 0.9636685885881123, 0.963308215455005, 0.9630484003769724, 0.9628376333337081, 0.9626815962164026, 0.9625818632150951, 0.9625188466749693, 0.9624931194280323, 0.9624832294489208, 0.962481858542091], "fid_scores": [299.5251587631108, 300.8719456055515, 300.9104815913161, 300.93140037130934, 300.91773121938013, 300.9150464452981, 300.8567892420912, 300.8288186706207, 300.7688272599102, 300.78651496807447, 300.7569548606292, 300.7770061322624, 300.7705876714747, 300.7806400198351, 300.7393238625281, 300.7232682457749, 300.7744292945632, 300.72778726988975, 300.7270705162598, 300.77209270019375, 300.7352601685844, 300.72359600751014, 300.61006263344507, 300.625219730284, 300.59385450761306, 300.56080615341926, 300.4761649402611, 300.46363517436623, 300.4322920692247, 300.4017953655408, 300.37159134586636, 300.4094708057062, 300.36050092169944, 300.38175704428363, 300.3733547357802, 300.35738210014114, 300.3722414728116, 300.3577132164534, 300.38336660962136, 300.37179531490847, 300.3408659198891, 300.35311763317014, 300.35384447173396, 300.3472132489576, 300.3872523221962, 300.37927666309935, 300.39411759942476, 300.3832432557342, 300.3922945850951, 300.3727562438818], "dataset": "square96_random0.01", "UNET_size": "small", "optimizer": "SGD"}