{"IMG_SIZE": 96, "BATCH_SIZE": 16, "LEARNING_RATE": 0.0001, "NUM_EPOCHS": 35, "NUM_GENERATE_IMAGES": 9, "NUM_TIMESTEPS": 500, "MIXED_PRECISION": "fp16", "GRADIENT_ACCUMULATION_STEPS": 1, "losses": [1.0930299510558446, 1.091149126489957, 1.0861782828966777, 1.081274338066578, 1.0744591777523358, 1.066011980175972, 1.054195483525594, 1.0421306118369102, 1.02990327278773, 1.0138339027762413, 0.9991208190719286, 0.9841754771769047, 0.9690926608939966, 0.9530174906055132, 0.9365550987422466, 0.9259954591592153, 0.9107564091682434, 0.9007841348648071, 0.891022273649772, 0.8807095102965832, 0.8700545554359754, 0.8574336481591066, 0.8545147652427355, 0.8448617942631245, 0.8420335675279299, 0.838800764332215, 0.8345270417630672, 0.8299330833057562, 0.8223803626994292, 0.8257793138424555, 0.8211874390641848, 0.8235039686163267, 0.8246088561912378, 0.8240286571284136, 0.8226083839933077], "fid_scores": [354.1358350802787, 356.4708857970211, 359.2176137405181, 356.9070434502945, 356.3530354870919, 357.0815778312125], "fid_scores_epochs": [0, 7, 14, 21, 28, 34], "dataset": "square96_random0.0025", "UNET_size": "mid", "optimizer": "SGD", "seed": 4, "exited_loss_na": false, "execution_time": 689.4671060000001}