{
    "IMG_SIZE": 96,
    "BATCH_SIZE": 16,
    "LEARNING_RATE": 0.0001,
    "NUM_EPOCHS": 35,
    "NUM_GENERATE_IMAGES": 9,
    "NUM_TIMESTEPS": 500,
    "MIXED_PRECISION": "fp16",
    "GRADIENT_ACCUMULATION_STEPS": 1,
    "losses": [
        1.20880077034235,
        1.2065753266215324,
        1.2022565205891926,
        1.1949700340628624,
        1.1853733211755753,
        1.1753814319769542,
        1.1625281771024067,
        1.1511120423674583,
        1.135198545952638,
        1.117341694732507,
        1.1010335683822632,
        1.0820712621013324,
        1.06370397657156,
        1.0470428715149562,
        1.0313776930173237,
        1.0167421996593475,
        1.001965619623661,
        0.9877064439157645,
        0.9749948469301065,
        0.9651060923933983,
        0.9532320685684681,
        0.9472445373733839,
        0.9366961034635702,
        0.9310906020303568,
        0.9256157415608565,
        0.9200961192448934,
        0.9151066032548746,
        0.908343181014061,
        0.9052774521211783,
        0.9059587866067886,
        0.901640339444081,
        0.9054792001843452,
        0.9022301100194454,
        0.9040168896317482,
        0.9047160980602106
    ],
    "fid_scores": [
        321.65364521043307,
        330.2259627310247,
        334.23586232437486,
        334.6380612344709,
        334.35640737833984
    ],
    "fid_scores_epochs": [
        0,
        10,
        20,
        30,
        34
    ],
    "dataset": "square96_random0.0025",
    "UNET_size": "big",
    "optimizer": "SGD",
    "seed": 2,
    "exited_loss_na": false,
    "execution_time": 1532.5105860000003
}