{
    "IMG_SIZE": 96,
    "BATCH_SIZE": 16,
    "LEARNING_RATE": 1e-05,
    "NUM_EPOCHS": 35,
    "NUM_GENERATE_IMAGES": 9,
    "NUM_TIMESTEPS": 500,
    "MIXED_PRECISION": "fp16",
    "GRADIENT_ACCUMULATION_STEPS": 1,
    "losses": [
        1.1789524853229523,
        1.017277967184782,
        0.7649760531882445,
        0.5032750281194845,
        0.29016535729169846,
        0.17029318710168204,
        0.13413259123141566,
        0.10560620560621221,
        0.09537768759764731,
        0.09673181090814371,
        0.07942483061924577,
        0.08426928636617959,
        0.07358276471495628,
        0.07689430409421523,
        0.07866244770896931,
        0.07036821788642555,
        0.06931554339826107,
        0.05698729741076628,
        0.05579668908224752,
        0.06196501366018007,
        0.052675049557971455,
        0.06024263787548989,
        0.053962230837593474,
        0.0585128041372324,
        0.0628208484267816,
        0.05671876028645784,
        0.05761954937285433,
        0.04795697832014412,
        0.04775103821884841,
        0.054576232292068504,
        0.046894818311557174,
        0.054863205140767,
        0.04989493855585655,
        0.05482650843138496,
        0.059785157442092896
    ],
    "fid_scores": [
        326.84674433309567,
        290.5935336576049,
        256.0959232317605,
        239.75618521380144,
        237.97178634833278
    ],
    "fid_scores_epochs": [
        0,
        10,
        20,
        30,
        34
    ],
    "dataset": "square96_random0.0025",
    "UNET_size": "big",
    "optimizer": "Adam",
    "seed": 1,
    "exited_loss_na": false,
    "execution_time": 2240.8047136000023
}