{
    "IMG_SIZE": 96,
    "BATCH_SIZE": 16,
    "LEARNING_RATE": 0.0001,
    "NUM_EPOCHS": 35,
    "NUM_GENERATE_IMAGES": 9,
    "NUM_TIMESTEPS": 500,
    "MIXED_PRECISION": "fp16",
    "GRADIENT_ACCUMULATION_STEPS": 1,
    "losses": [
        1.0218725353479385,
        0.7088901611665884,
        0.32849595478425425,
        0.17107992013916373,
        0.13276816066354513,
        0.11165141896344721,
        0.09695275345196326,
        0.08321987410696845,
        0.0822940500608335,
        0.07971008610911667,
        0.07022352314864595,
        0.06479537902244677,
        0.05775971990078688,
        0.060776140463228025,
        0.06172487360890955,
        0.056074997992254794,
        0.05304983254366865,
        0.048486285066852965,
        0.05240307174002131,
        0.05401100416202098,
        0.0498686422749112,
        0.04797310599436363,
        0.04428362147882581,
        0.048514058076155685,
        0.05025641961644093,
        0.04659808083670214,
        0.045239122778487705,
        0.042161201825365424,
        0.04621301571993778,
        0.04822941159363836,
        0.04479105075976501,
        0.043925513532788805,
        0.04110180706872294,
        0.045253702284147344,
        0.04744891663237164
    ],
    "fid_scores": [
        338.52233008521307,
        292.26549201053626,
        272.45566449234195,
        245.65695491626056,
        224.57162352506515,
        214.39665256736183,
        213.20995119404895,
        219.94270490181722
    ],
    "fid_scores_epochs": [
        0,
        5,
        10,
        15,
        20,
        25,
        30,
        34
    ],
    "dataset": "square96_random0.0025",
    "UNET_size": "small",
    "optimizer": "Adam",
    "seed": 4,
    "exited_loss_na": false,
    "execution_time": 459.87073550000014
}