{"IMG_SIZE": 96, "BATCH_SIZE": 16, "LEARNING_RATE": 0.0001, "NUM_EPOCHS": 50, "NUM_GENERATE_IMAGES": 9, "NUM_TIMESTEPS": 500, "MIXED_PRECISION": "fp16", "GRADIENT_ACCUMULATION_STEPS": 1, "losses": [0.021778306051304465, 0.02177833557423008, 0.021778257654391623, 0.021778311835307824, 0.021778250659668916, 0.021778276381327916, 0.02177820705906733, 0.021778165517178805, 0.021778140969476417, 0.021778068282200316, 0.021778098234024486, 0.021778040391540056, 0.021777984867558667, 0.021777925297225775, 0.021777882583831485, 0.021777948940564926, 0.02177783001067215, 0.02177778462585258, 0.021777719104858605, 0.021777785821866832, 0.02177772253359619, 0.021777684163106114, 0.021777671813278606, 0.021777653123105045, 0.021777646461697785, 0.02177763938609707, 0.021777580364754325, 0.0217775857884829, 0.02177754038160569, 0.021777521451248935, 0.02177749312923927, 0.02177749945242938, 0.02177752958071467, 0.021777484080705203, 0.02177748117890013, 0.021777462579407974, 0.021777456643451987, 0.021777453445094196, 0.021777486117360623, 0.021777454565132134, 0.021777474826299832, 0.0217774916464757, 0.021777436213175717, 0.021777447278758414, 0.021777453859287657, 0.021777458687459953, 0.02177749335471737, 0.021777478017305073, 0.021777463265645662, 0.021777452222120606], "fid_scores": [151.04928722891918, 151.02612083580016, 151.01267845251857, 151.03530297278712, 151.03437599543372, 151.02245335804614, 151.02108178694016, 151.03464924336464, 150.98368671724617, 151.00566540134116, 151.0193641390003, 150.9730214506193, 150.95787614411728, 150.95417207033128, 150.91219954144748, 150.9434492580807, 150.93465093337434, 150.9379301302688, 150.90620954664308, 150.94872937346133, 150.93976725581226, 151.00791536647304, 150.90948201113525, 150.92086892312054, 150.96024406818532, 150.9749381267379, 150.96882013422785, 150.99566139413056, 150.9691951295247, 150.96916390148044, 150.9671545641527, 150.9924223466976, 151.0064469904034, 150.9845360659618, 150.9991522572184, 150.94720046349101, 150.99474691852652, 150.89539592244884, 150.92717230340025, 150.9189303957958, 151.00579207436135, 151.0164636881805, 150.97754476070665, 151.01195057579247, 151.00767760814523, 150.96473835239826, 150.98259720190467, 150.98022149053315, 150.97479327564335, 150.97499414989144], "dataset": "square96_random0.01", "UNET_size": "mid", "optimizer": "SGD"}