{"IMG_SIZE": 96, "BATCH_SIZE": 16, "LEARNING_RATE": 0.0001, "NUM_EPOCHS": 35, "NUM_GENERATE_IMAGES": 9, "NUM_TIMESTEPS": 500, "MIXED_PRECISION": "fp16", "GRADIENT_ACCUMULATION_STEPS": 1, "losses": [1.0818066659726595, 1.0798936392131604, 1.0766491827211881, 1.0701418926841335, 1.0619234976015592, 1.0528179030669362, 1.0416046882930554, 1.0297114786348844, 1.0143413669184635, 0.9978355326150593, 0.9815249411683333, 0.9635743906623438, 0.9462266815336127, 0.9237097250787836, 0.9009784522809481, 0.8803008355592427, 0.8576375371531436, 0.8375598600036219, 0.8086700972757841, 0.7810050939258776, 0.7579385732349596, 0.7320156160153841, 0.7112888191875658, 0.6770326777508384, 0.6462059334704751, 0.6227435375514784, 0.5957769186873185, 0.5775583668758995, 0.5438327491283417, 0.5201274815358614, 0.5099922434279793, 0.5001822772778963, 0.5028529120118994, 0.48807206906770406, 0.48330903680701004], "fid_scores": [353.897885228507, 355.74668637800346, 353.10581173785545, 349.5538833471733, 350.6008706217727, 354.4046084580952, 350.58200656613656, 347.9848937804693], "fid_scores_epochs": [0, 5, 10, 15, 20, 25, 30, 34], "dataset": "square96_random0.001", "UNET_size": "small", "optimizer": "SGD", "seed": 1, "exited_loss_na": false, "execution_time": 178.49645710000004}