{"IMG_SIZE": 96, "BATCH_SIZE": 16, "LEARNING_RATE": 0.0001, "NUM_EPOCHS": 50, "NUM_GENERATE_IMAGES": 9, "NUM_TIMESTEPS": 500, "MIXED_PRECISION": "fp16", "GRADIENT_ACCUMULATION_STEPS": 1, "losses": [0.5590628329076265, 0.09623365570840083, 0.06406502278619691, 0.05078467470838836, 0.04447293357531491, 0.040778398606926204, 0.0384671353097809, 0.0365511106523244, 0.035153772554507384, 0.033924976054971155, 0.032998720581006065, 0.032017716049755875, 0.030852742341199987, 0.029808130137328255, 0.029003784979546542, 0.028073603279986665, 0.027199891371358382, 0.026618973212316634, 0.026173321836579003, 0.025332103863260465, 0.024352271671063807, 0.02370115294072189, 0.023232124081665747, 0.02296007101816174, 0.022216993202700427, 0.021668652070098018, 0.02118701184609611, 0.020774820743520793, 0.02053042878886979, 0.02021870106017511, 0.019690842777000447, 0.019189065199737485, 0.01868031993753424, 0.01835611630231142, 0.017997143851397068, 0.01767417506657933, 0.01734848130298288, 0.01702944145439879, 0.016788470254916893, 0.016563184308133236, 0.016371541290151836, 0.016216216737551515, 0.016089095664210618, 0.015989187608571036, 0.015917089965047412, 0.01587108729627768, 0.015849294601694534, 0.015845542119227743, 0.015835840187623705, 0.015787386021723873], "fid_scores": [272.85524599249425, 254.02878492806713, 224.9357263802038, 197.10356887391086, 166.7728529321736, 149.5637451934617, 147.35534638173897, 141.95902747512835, 142.9867343481958, 151.78218367587613, 141.52850974404663, 161.4984634555786, 151.65054228434246, 141.95520912783678, 146.2637894121626, 144.80225592414573, 151.37309567742676, 160.50064670827362, 146.63976573428266, 144.59359829954371, 147.43747374689494, 151.03160631981157, 155.43338756335353, 153.14642013023433, 153.31875290026494, 150.99215916950294, 149.63545092636872, 148.46038774722592, 168.07287509366705, 179.9149437488316, 157.7537559036645, 148.71494221224313, 146.09188265134395, 143.31561698627416, 141.52208163263865, 145.8778356971913, 149.761437288965, 158.92154938706412, 160.35627232124486, 155.80726028363716, 158.26250521790007, 154.7732218328592, 151.7527611114316, 151.25281712190073, 150.0889990699487, 148.4573358831869, 147.34184717305567, 146.34085256631164, 144.65492653967806, 144.99491035490382], "dataset": "square96_random0.01", "UNET_size": "small", "optimizer": "Adam"}