{
    "IMG_SIZE": 96,
    "BATCH_SIZE": 16,
    "LEARNING_RATE": 0.001,
    "NUM_EPOCHS": 35,
    "NUM_GENERATE_IMAGES": 9,
    "NUM_TIMESTEPS": 500,
    "MIXED_PRECISION": "fp16",
    "GRADIENT_ACCUMULATION_STEPS": 1,
    "losses": [
        1.0903862838943799,
        1.0723113094766934,
        1.036795566479365,
        0.9901364830633005,
        0.93296201278766,
        0.8650940967102846,
        0.7877426644166311,
        0.6966599424680074,
        0.619717196871837,
        0.5260664566109577,
        0.4491600052764018,
        0.3790687918663025,
        0.3153993524610996,
        0.2674714867025614,
        0.21582145802676678,
        0.2091372466335694,
        0.18698622394974032,
        0.18608153456201157,
        0.1838781077725192,
        0.17565739884351692,
        0.17126366356387734,
        0.15147006527210274,
        0.16230659342060486,
        0.15339341294020414,
        0.16009175777435303,
        0.1639860887080431,
        0.1598983590180675,
        0.15882176455731192,
        0.14204988426839313,
        0.1543712830170989,
        0.14738440373912454,
        0.15534255544965467,
        0.16048065836851796,
        0.1573475869372487,
        0.1570805536272625
    ],
    "fid_scores": [
        354.13658331728993,
        348.79847447187785,
        315.2052031663694,
        305.7779641770124,
        304.6918592857393,
        307.94397253048953
    ],
    "fid_scores_epochs": [
        0,
        7,
        14,
        21,
        28,
        34
    ],
    "dataset": "square96_random0.0025",
    "UNET_size": "mid",
    "optimizer": "SGD",
    "seed": 2,
    "exited_loss_na": false,
    "execution_time": 690.4294317000004
}