{"IMG_SIZE": 96, "BATCH_SIZE": 16, "LEARNING_RATE": 0.0001, "NUM_EPOCHS": 50, "NUM_GENERATE_IMAGES": 9, "NUM_TIMESTEPS": 500, "MIXED_PRECISION": "fp16", "GRADIENT_ACCUMULATION_STEPS": 1, "losses": [0.018389038324944283, 0.03178588280846414, 0.030354806824930403, 0.028252246576410376, 0.02658536929245058, 0.026434259697500812, 0.025375236548777474, 0.024276114904664848, 0.02374382167074241, 0.023104434857439054, 0.021923999233465444, 0.02162276055957926, 0.021411743078772957, 0.020330241030866378, 0.019882845564892417, 0.0194263922687816, 0.01805615629265575, 0.017484748579169575, 0.016675684343729364, 0.016027789435496455, 0.01570700313160686, 0.014883682528804792, 0.014126008400987638, 0.013493524756478636, 0.013031756051963097, 0.01219371861140979, 0.011457914321095143, 0.010901504925354138, 0.010593486292973945, 0.010179958642019253, 0.009763224898396355, 0.009040588884320307, 0.008381619919581633, 0.007996951511717941, 0.007459788708212344, 0.007024577555344685, 0.006639755741497011, 0.006207433781635604, 0.005828091570813405, 0.005505045295055759, 0.005214912938199153, 0.004916134941097545, 0.004688500223289195, 0.004519780037777596, 0.004398765314468428, 0.004313716746401042, 0.004252338334060225, 0.004209444760099838, 0.00418925972128483, 0.00415732490609547], "fid_scores": [190.71062365015567, 196.10149641413332, 173.99296631974704, 177.82262988729988, 161.2973294350742, 168.91716342972222, 178.0392445739727, 175.94360603734154, 190.46376525600002, 165.43021013188695, 152.40887097565331, 162.79659811596628, 150.52650512284478, 151.31772118360482, 165.6449400665533, 147.92680675104043, 167.81947726857555, 150.76735771502734, 178.43003812074653, 168.6372422055641, 156.36781955068628, 163.7108633378711, 139.34334612888603, 194.5143782197017, 158.43976459354204, 146.88996679355256, 136.63645435379829, 137.2434681680054, 147.26531962368657, 162.1295501431143, 174.0006275144713, 154.28214366978372, 138.9550165335322, 156.00734958927256, 161.3175270922173, 142.98415002823222, 155.65723901942533, 152.23962512503365, 136.62579372710738, 133.81880942906994, 133.9577966190783, 136.61534814131045, 140.31595545118586, 142.86400688751775, 142.1982113089161, 138.9849205612794, 138.44091514735567, 139.41799103447738, 139.66999323122116, 139.631459583839], "dataset": "square96_random0.01", "UNET_size": "mid", "optimizer": "Adam"}