{"IMG_SIZE": 96, "BATCH_SIZE": 16, "LEARNING_RATE": 0.0001, "NUM_EPOCHS": 35, "NUM_GENERATE_IMAGES": 9, "NUM_TIMESTEPS": 500, "MIXED_PRECISION": "fp16", "GRADIENT_ACCUMULATION_STEPS": 1, "losses": [1.2085855354865391, 1.2083815708756447, 1.2082143872976303, 1.206671228011449, 1.2053310473759968, 1.2051803072293599, 1.202965535223484, 1.2041077464818954, 1.2029500404993694, 1.1989904915293057, 1.1996681615710258, 1.1941085706154506, 1.1921143680810928, 1.1890017862121265, 1.1864531139532726, 1.1853571260968845, 1.1825986132025719, 1.1832418913642566, 1.1820591017603874, 1.1786228095491726, 1.1798842375477154, 1.1755462413032849, 1.1745856354633968, 1.1726230904459953, 1.1713414043188095, 1.171506608525912, 1.170098011692365, 1.1719532584150631, 1.1720795879761379, 1.1700679858525593, 1.1725152830282848, 1.1695047592123349, 1.1696693847576778, 1.1687242512901623, 1.1683532322446506], "fid_scores": [321.95242301768656, 319.05366723469234, 319.9132827354267, 320.2466876288946, 324.7285667351813], "fid_scores_epochs": [0, 10, 20, 30, 34], "dataset": "square96_random0.0025", "UNET_size": "big", "optimizer": "SGD", "seed": 4, "exited_loss_na": false, "execution_time": 1527.0721878000004}