{
    "IMG_SIZE": 96,
    "BATCH_SIZE": 16,
    "LEARNING_RATE": 0.0001,
    "NUM_EPOCHS": 35,
    "NUM_GENERATE_IMAGES": 9,
    "NUM_TIMESTEPS": 500,
    "MIXED_PRECISION": "fp16",
    "GRADIENT_ACCUMULATION_STEPS": 1,
    "losses": [
        1.0221807435154915,
        0.7089742608368397,
        0.32718382589519024,
        0.16974532371386886,
        0.13420433908080062,
        0.11180213342110316,
        0.09747320840445657,
        0.08167568889136116,
        0.08095482286686699,
        0.08006244168306391,
        0.0697652844634528,
        0.06535126587065558,
        0.0565879416729634,
        0.05990748452798774,
        0.06251190358307213,
        0.055363517914277814,
        0.05373560299631208,
        0.04731511984330913,
        0.051239412471962474,
        0.05483574296037356,
        0.049155777611304075,
        0.04855134561269855,
        0.043201505516966186,
        0.04708596571193387,
        0.051094630849547684,
        0.04617683818408599,
        0.04586991031343738,
        0.041024524466289826,
        0.04499585061178853,
        0.04918786266352981,
        0.044593656862465046,
        0.044477783783804625,
        0.03998838776412109,
        0.04400759477478763,
        0.04848301193366448
    ],
    "fid_scores": [
        338.33977152532213,
        294.74480883274316,
        272.00892643061263,
        242.34744695828888,
        228.63150862252962,
        218.4233087415169,
        214.39231605099732,
        213.31764397897257
    ],
    "fid_scores_epochs": [
        0,
        5,
        10,
        15,
        20,
        25,
        30,
        34
    ],
    "dataset": "square96_random0.0025",
    "UNET_size": "small",
    "optimizer": "Adam",
    "seed": 1,
    "exited_loss_na": false,
    "execution_time": 455.3110351999999
}