{"IMG_SIZE": 96, "BATCH_SIZE": 16, "LEARNING_RATE": 0.0001, "NUM_EPOCHS": 35, "NUM_GENERATE_IMAGES": 9, "NUM_TIMESTEPS": 500, "MIXED_PRECISION": "fp16", "GRADIENT_ACCUMULATION_STEPS": 1, "losses": [1.0811092853546143, 1.074503785685489, 1.0621204313478971, 1.0422362528349225, 1.0164402974279303, 0.9858361796328896, 0.9502733067462319, 0.9101366212493495, 0.8622213884403831, 0.81096056887978, 0.7602693532642565, 0.7085924430897361, 0.6576812800608183, 0.5954786288110834, 0.5384024381637573, 0.48750120558236776, 0.43945287089598806, 0.3971141937531923, 0.34059060717883866, 0.30040758063918666, 0.2707145386620572, 0.2472414907656218, 0.2319848529602352, 0.19834336795304952, 0.1842102039801447, 0.1749244246043657, 0.16834488079736107, 0.16711720353678652, 0.14439147083382858, 0.1415499633080081, 0.14102283002514587, 0.14273268651021154, 0.14860233311590396, 0.13184190188583575, 0.13380464362470726], "fid_scores": [353.66927374609065, 354.8688423942513, 347.65669787492993, 347.215378126441, 337.8094086126006, 329.6226514622887, 328.8485388778764, 328.2707368890727], "fid_scores_epochs": [0, 5, 10, 15, 20, 25, 30, 34], "dataset": "square96_random0.001", "UNET_size": "small", "optimizer": "Adam", "seed": 1, "exited_loss_na": false, "execution_time": 229.45392249999998}