{"IMG_SIZE": 96, "BATCH_SIZE": 16, "LEARNING_RATE": 0.0001, "NUM_EPOCHS": 35, "NUM_GENERATE_IMAGES": 9, "NUM_TIMESTEPS": 500, "MIXED_PRECISION": "fp16", "GRADIENT_ACCUMULATION_STEPS": 1, "losses": [0.02508622198120544, 0.026962167887311234, 0.02936248555779457, 0.028151041411451604, 0.029690052637536275, 0.030753467741765475, 0.030454180791581933, 0.030047273988786496, 0.027981056714136348, 0.028137023310716214, 0.029267153016438608, 0.029113064216155754, 0.02849457176696313, 0.026553358162116063, 0.027216361717958198, 0.02731868024719389, 0.027768407399324995, 0.02767852445770251, 0.02577135853077236, 0.02584719804948882, 0.02612570378145105, 0.026474675320481, 0.026277956778281614, 0.024576115279801584, 0.024636823924160316, 0.024900142113237003, 0.025140036201398624, 0.024883895259546606, 0.023282782351107974, 0.02331866850880416, 0.023627854422911217, 0.023836616730611576, 0.023631230075108377, 0.02229202827928882, 0.022435751101492266], "fid_scores": [195.7966517861376, 217.4423980280236, 282.72851993897484, 265.3555747125422, 208.25331611398747, 175.84399954096799, 167.52456947379858, 170.11773483997018], "fid_scores_epochs": [0, 5, 10, 15, 20, 25, 30, 34], "dataset": "square96_random0.005", "UNET_size": "small", "optimizer": "Adam", "seed": 2, "exited_loss_na": false, "execution_time": 978.9712729999992}