{"IMG_SIZE": 96, "BATCH_SIZE": 16, "LEARNING_RATE": 0.0001, "NUM_EPOCHS": 50, "NUM_GENERATE_IMAGES": 9, "NUM_TIMESTEPS": 500, "MIXED_PRECISION": "fp16", "GRADIENT_ACCUMULATION_STEPS": 1, "losses": [0.023811431533019792, 0.03273913004484616, 0.032136764406765765, 0.030431740701590715, 0.02908158538568961, 0.027703029946669153, 0.027016762004380947, 0.026474356072905818, 0.025644935535168962, 0.02529711192963939, 0.024728905309089704, 0.023786300847208813, 0.02346077650589378, 0.02316776321171538, 0.022307272203952858, 0.02200961890875509, 0.02142202140714385, 0.021148451155443726, 0.020297897028687752, 0.01977343963410117, 0.019191312660022, 0.01856377525255084, 0.01823599986535938, 0.017853636380383058, 0.017403238097597893, 0.016720755381117527, 0.015890499787699235, 0.01534380066992813, 0.015011623430703032, 0.014513098112748642, 0.014140049588719481, 0.01408124158992187, 0.01322373038672499, 0.012331114324594014, 0.011813258668897968, 0.011362857535775555, 0.010985661948736953, 0.010458713076322486, 0.009984787344001234, 0.009597048774900797, 0.00922709736164267, 0.008878565732830841, 0.008609231070027147, 0.008412347374925095, 0.008261081084952151, 0.008148726007263912, 0.008070630988253183, 0.008015841381673359, 0.007971884142362365, 0.007915221662015507], "fid_scores": [181.64816705935908, 173.9674761816738, 214.4037792025424, 193.84982554614075, 177.47418478602376, 156.12205529229755, 157.69848108342856, 148.25611497423503, 174.03627684804198, 154.8080848485765, 164.93042754134612, 140.88737158519967, 148.07440772938844, 159.1736854069452, 147.5460573676886, 141.9476131840831, 142.99657342387383, 151.5810111396442, 149.15616982710696, 151.54628788098947, 157.85909759788362, 141.19780398296083, 142.7190973142873, 148.0620925832309, 153.91737847928326, 158.26062275934345, 147.6308322323495, 148.34553862296553, 164.50887101104823, 155.07421864380004, 147.95681364958367, 150.11216473109704, 149.2415812646939, 148.99922209435334, 144.50686936558193, 140.92865819202987, 139.42180833941373, 141.52170311472014, 148.56004190415834, 148.99611677152095, 146.4737378795548, 146.30304669367086, 146.7672271423629, 147.83885869311683, 146.7171333209876, 147.11468860708783, 146.01113962862655, 145.4882984751608, 143.36094235579037, 143.18262381766914], "dataset": "square96_random0.01", "UNET_size": "big", "optimizer": "Adam"}