{
    "IMG_SIZE": 96,
    "BATCH_SIZE": 16,
    "LEARNING_RATE": 0.0001,
    "NUM_EPOCHS": 35,
    "NUM_GENERATE_IMAGES": 9,
    "NUM_TIMESTEPS": 500,
    "MIXED_PRECISION": "fp16",
    "GRADIENT_ACCUMULATION_STEPS": 1,
    "losses": [
        0.918548351774613,
        0.3111034970109661,
        0.11276313903120656,
        0.09560689943221708,
        0.08712939817147951,
        0.07286924570022772,
        0.06662502721883357,
        0.053014253304960825,
        0.05569596386825045,
        0.049720547530644886,
        0.05073402034273992,
        0.05352846366198113,
        0.04621119195750604,
        0.04525698899912337,
        0.03736616919438044,
        0.04164428300767516,
        0.0384536317239205,
        0.040908012383927904,
        0.04391531894604365,
        0.04006035008933395,
        0.039350340414481856,
        0.03299771024224659,
        0.03679925583613416,
        0.033945811757196985,
        0.037447033158969134,
        0.040161100681871176,
        0.03633293882012367,
        0.03643453309390073,
        0.030789677558156352,
        0.03466087560324619,
        0.03209933869463081,
        0.035764635792778186,
        0.03838752609832833,
        0.034510250649570175,
        0.03530188857500131
    ],
    "fid_scores": [
        341.66375464869475,
        279.9847863659437,
        231.7739720476526,
        218.5715334658116,
        211.14094914766156,
        208.51133758869392
    ],
    "fid_scores_epochs": [
        0,
        7,
        14,
        21,
        28,
        34
    ],
    "dataset": "square96_random0.0025",
    "UNET_size": "mid",
    "optimizer": "Adam",
    "seed": 2,
    "exited_loss_na": false,
    "execution_time": 966.6855192999992
}