{"IMG_SIZE": 96, "BATCH_SIZE": 16, "LEARNING_RATE": 0.0001, "NUM_EPOCHS": 35, "NUM_GENERATE_IMAGES": 9, "NUM_TIMESTEPS": 500, "MIXED_PRECISION": "fp16", "GRADIENT_ACCUMULATION_STEPS": 1, "losses": [1.0823475624385632, 1.0804297924041748, 1.0763875747981824, 1.0704650314230668, 1.0620538498225964, 1.0525226153825458, 1.0420422804983038, 1.0294634731192338, 1.014496872299596, 0.9979051884851957, 0.9812480148516203, 0.963775286549016, 0.9460381269454956, 0.9236274047901756, 0.9010069464382372, 0.8800253083831385, 0.8574940970069483, 0.8374356219643041, 0.8083339270792509, 0.781043457357507, 0.7576931965978522, 0.7314887172297427, 0.7111894237367731, 0.6764521787041112, 0.6462664792412206, 0.6226086616516113, 0.5949255039817408, 0.5774331626139189, 0.5430964294232821, 0.5201434649919209, 0.5099917367884987, 0.49919309271009343, 0.5026836191353045, 0.4873061776161194, 0.48328559179055064], "fid_scores": [354.7398453435766, 350.03280067809703, 347.458408489014, 344.49958212464094, 345.5309883637952, 349.7844592239578, 345.9164878789767, 345.2652402841303], "fid_scores_epochs": [0, 5, 10, 15, 20, 25, 30, 34], "dataset": "square96_random0.001", "UNET_size": "small", "optimizer": "SGD", "seed": 2, "exited_loss_na": false, "execution_time": 181.49879680000004}