{
    "IMG_SIZE": 96,
    "BATCH_SIZE": 16,
    "LEARNING_RATE": 1e-05,
    "NUM_EPOCHS": 35,
    "NUM_GENERATE_IMAGES": 9,
    "NUM_TIMESTEPS": 500,
    "MIXED_PRECISION": "fp16",
    "GRADIENT_ACCUMULATION_STEPS": 1,
    "losses": [
        1.0933557202418644,
        1.0931827401121457,
        1.091826560596625,
        1.0917440553506215,
        1.090913747747739,
        1.090386912226677,
        1.0885069742798805,
        1.0873759910464287,
        1.086568055053552,
        1.0839149927099545,
        1.0825515910983086,
        1.080593044559161,
        1.0790736079216003,
        1.076477920015653,
        1.074768195549647,
        1.0737990364432335,
        1.0711309934655826,
        1.0701156258583069,
        1.0686407089233398,
        1.0676421945293744,
        1.0656440804402034,
        1.064519854883353,
        1.0643525396784146,
        1.0624188631772995,
        1.062247820198536,
        1.0616219242413838,
        1.0614268109202385,
        1.0602355599403381,
        1.0598556349674861,
        1.0604917109012604,
        1.0592820768555005,
        1.0597807119290035,
        1.0597450708349545,
        1.0600572675466537,
        1.0592991337180138
    ],
    "fid_scores": [
        353.97366924164777,
        353.9623828243029,
        354.00750857699563,
        353.7458090670013,
        353.76919662932823,
        356.73821355079093
    ],
    "fid_scores_epochs": [
        0,
        7,
        14,
        21,
        28,
        34
    ],
    "dataset": "square96_random0.0025",
    "UNET_size": "mid",
    "optimizer": "SGD",
    "seed": 2,
    "exited_loss_na": false,
    "execution_time": 701.1611633000002
}