{"IMG_SIZE": 96, "BATCH_SIZE": 16, "LEARNING_RATE": 0.0001, "NUM_EPOCHS": 35, "NUM_GENERATE_IMAGES": 9, "NUM_TIMESTEPS": 500, "MIXED_PRECISION": "fp16", "GRADIENT_ACCUMULATION_STEPS": 1, "losses": [1.0553606196453698, 0.9059133259873641, 0.6542534360760137, 0.39751351067894386, 0.22926718451474842, 0.16326618531816883, 0.13881064810250934, 0.12279672771692277, 0.11258945841538279, 0.10374870531653103, 0.10009518959804585, 0.09800807488592048, 0.09293005258629197, 0.08800432305586965, 0.08349141878517051, 0.08277381815408405, 0.08297315498715953, 0.08011391531479986, 0.0768029914090508, 0.07387567487986464, 0.07434051346622016, 0.07547434799765286, 0.07368390893465594, 0.07129251917726115, 0.06913889003427405, 0.07022967420910534, 0.07188465763863765, 0.0707155827236803, 0.06887819870914283, 0.0671626222368918, 0.06864482599653696, 0.07064116510905717, 0.06980732887199051, 0.0682597991079092, 0.06676759555151587], "fid_scores": [318.03882431299485, 288.13111366832334, 273.2193964749357, 264.275430383768, 257.68374520273994, 253.54663426615167, 251.574823667111, 254.4237384808014], "fid_scores_epochs": [0, 5, 10, 15, 20, 25, 30, 34], "dataset": "square96_random0.005", "UNET_size": "small", "optimizer": "Adam", "seed": 1, "exited_loss_na": false, "execution_time": 644.8008189}