{"IMG_SIZE": 96, "BATCH_SIZE": 16, "LEARNING_RATE": 0.0001, "NUM_EPOCHS": 35, "NUM_GENERATE_IMAGES": 9, "NUM_TIMESTEPS": 500, "MIXED_PRECISION": "fp16", "GRADIENT_ACCUMULATION_STEPS": 1, "losses": [0.042111951132353984, 0.04448943892003674, 0.04368898445054104, 0.04156885940189424, 0.03916954215812056, 0.039289786401940016, 0.03941594742630657, 0.03783850839459582, 0.03582629781020315, 0.03350165272621732, 0.03450350164386787, 0.03501399489805886, 0.03378910049796104, 0.03249676035423028, 0.030620844417104595, 0.031853559279912395, 0.03172576144141586, 0.03157111745523779, 0.03026597692974304, 0.028622500882729104, 0.029578756815508794, 0.029795003020645756, 0.02927817755231732, 0.02860961729954732, 0.02686645934652341, 0.027872205437406112, 0.028084503315193087, 0.027490583106287218, 0.027022451407423143, 0.02532767053987635, 0.026295696708716846, 0.02654546576699144, 0.026054360658714647, 0.025816295006753583, 0.02434530886086194], "fid_scores": [187.86127512361182, 191.73006519841283, 195.76537660531363, 174.3456747135217, 171.3885799932686, 192.02601907626124, 172.41053151276085, 174.9567356251885], "fid_scores_epochs": [0, 5, 10, 15, 20, 25, 30, 34], "dataset": "square96_random0.005", "UNET_size": "big", "optimizer": "Adam", "seed": 1, "exited_loss_na": false, "execution_time": 4816.729710599999}