{"IMG_SIZE": 96, "BATCH_SIZE": 16, "LEARNING_RATE": 0.0001, "NUM_EPOCHS": 35, "NUM_GENERATE_IMAGES": 9, "NUM_TIMESTEPS": 500, "MIXED_PRECISION": "fp16", "GRADIENT_ACCUMULATION_STEPS": 1, "losses": [1.0820150187141018, 1.0754131204203556, 1.0619653777072304, 1.0421725699776097, 1.0166496007066024, 0.9860503830407795, 0.9508195519447327, 0.9105313075216193, 0.8622629642486572, 0.8113431397237276, 0.7610094955092982, 0.708882002454055, 0.6583647226032457, 0.5958453667791266, 0.5391196436003635, 0.4885108470916748, 0.439534372405002, 0.3980342039936467, 0.34159145543449804, 0.3017896609871011, 0.2714783463038896, 0.247452343765058, 0.23216452253492256, 0.1993490081084402, 0.18534981028029793, 0.1752351247950604, 0.1682836174180633, 0.16667113570790543, 0.14534715955194674, 0.14249921119526812, 0.14116727599972173, 0.14252082062394997, 0.14801087465725446, 0.13284033929046832, 0.13465443802507301], "fid_scores": [354.9859863394813, 354.0743250511079, 346.9131332205684, 345.4227720646554, 336.6430640086657, 329.2173836350024, 328.59574904995327, 328.376679682766], "fid_scores_epochs": [0, 5, 10, 15, 20, 25, 30, 34], "dataset": "square96_random0.001", "UNET_size": "small", "optimizer": "Adam", "seed": 3, "exited_loss_na": false, "execution_time": 236.07957599999997}