{
    "IMG_SIZE": 96,
    "BATCH_SIZE": 16,
    "LEARNING_RATE": 0.0001,
    "NUM_EPOCHS": 35,
    "NUM_GENERATE_IMAGES": 9,
    "NUM_TIMESTEPS": 500,
    "MIXED_PRECISION": "fp16",
    "GRADIENT_ACCUMULATION_STEPS": 1,
    "losses": [
        1.0839070578416188,
        1.0826598306496937,
        1.0786273330450058,
        1.0755625317494075,
        1.0707101722558339,
        1.0648692200581233,
        1.0578366046150525,
        1.0477779681483905,
        1.0392199928561847,
        1.0290383771061897,
        1.0180259458720684,
        1.0066150091588497,
        0.993399312098821,
        0.9838436034818491,
        0.9739297106862068,
        0.9641891792416573,
        0.9548805889983972,
        0.9438232208291689,
        0.9375224262475967,
        0.9307169665892919,
        0.9239071706930796,
        0.9176313976446787,
        0.9096178400019804,
        0.9070532595117887,
        0.9036622295777003,
        0.9000273980200291,
        0.8968959922591845,
        0.8918455019593239,
        0.8924179822206497,
        0.8918234159549078,
        0.8906596464415392,
        0.8897533416748047,
        0.8866535325845083,
        0.8889531989892324,
        0.8896892095605532
    ],
    "fid_scores": [
        337.8173080944602,
        335.6031574739636,
        333.5755791294637,
        333.2510860850353,
        333.7585902486195,
        334.05550009878175,
        334.03723854931457,
        336.396266918312
    ],
    "fid_scores_epochs": [
        0,
        5,
        10,
        15,
        20,
        25,
        30,
        34
    ],
    "dataset": "square96_random0.0025",
    "UNET_size": "small",
    "optimizer": "SGD",
    "seed": 2,
    "exited_loss_na": false,
    "execution_time": 327.18534759999966
}