{"IMG_SIZE": 96, "BATCH_SIZE": 16, "LEARNING_RATE": 0.0001, "NUM_EPOCHS": 35, "NUM_GENERATE_IMAGES": 9, "NUM_TIMESTEPS": 500, "MIXED_PRECISION": "fp16", "GRADIENT_ACCUMULATION_STEPS": 1, "losses": [0.996834209090785, 0.5994592842302824, 0.2463346264864269, 0.12187360109467256, 0.10062427622707266, 0.09021179378032684, 0.08440521692759112, 0.08460152404088724, 0.0636756026038998, 0.06182685984592689, 0.058644720010067285, 0.05921236798167229, 0.06398235467311583, 0.047086481004953384, 0.04849295308323283, 0.04647341223531648, 0.04842828547483996, 0.05379343032836914, 0.03978866034824597, 0.0419237275460833, 0.04105900649569536, 0.043818760761304906, 0.048525766126419366, 0.03646581463123623, 0.03893380651348516, 0.039448231850799764, 0.0409425765668091, 0.046810578652902654, 0.034093577120649185, 0.03540191436676603, 0.035152638233021685, 0.036273884734040814, 0.040664821716123505, 0.03102701373006168, 0.03296475955530217], "fid_scores": [348.25643434946716, 322.02148061057903, 299.195521378338, 283.7046233950542, 268.467466354066, 279.3590774823282, 267.6191673339367, 265.16684580246834], "fid_scores_epochs": [0, 5, 10, 15, 20, 25, 30, 34], "dataset": "square96_random0.001", "UNET_size": "small", "optimizer": "Adam", "seed": 1, "exited_loss_na": false, "execution_time": 251.11375729999986}