{"IMG_SIZE": 96, "BATCH_SIZE": 16, "LEARNING_RATE": 0.0001, "NUM_EPOCHS": 35, "NUM_GENERATE_IMAGES": 9, "NUM_TIMESTEPS": 500, "MIXED_PRECISION": "fp16", "GRADIENT_ACCUMULATION_STEPS": 1, "losses": [1.205611323316892, 1.184251293540001, 1.1439228033026059, 1.0887771273652713, 1.0240013549725215, 0.9500227645039558, 0.8662166136006514, 0.7698752445479234, 0.6741524040699005, 0.5866253562271595, 0.4822926161189874, 0.4149420540779829, 0.3376369709149003, 0.29064734900991124, 0.25282718148082495, 0.2208158808449904, 0.20181445187578598, 0.17246761793891588, 0.16131245313833156, 0.17057574881861606, 0.1520540720472733, 0.16407509349907437, 0.1543346702431639, 0.1607341698060433, 0.16407357590893903, 0.15952584349239865, 0.15815358019123474, 0.14121383630360165, 0.1376922046765685, 0.15218175078431764, 0.1382361532499393, 0.15254157145197192, 0.14567077920461693, 0.15400557406246662, 0.15909664084513983], "fid_scores": [321.9607291449231, 326.5435458308474, 308.4023665884089, 306.46541054151544, 305.9290044793069], "fid_scores_epochs": [0, 10, 20, 30, 34], "dataset": "square96_random0.0025", "UNET_size": "big", "optimizer": "SGD", "seed": 2, "exited_loss_na": false, "execution_time": 1528.9102018000049}