{"IMG_SIZE": 96, "BATCH_SIZE": 16, "LEARNING_RATE": 0.0001, "NUM_EPOCHS": 35, "NUM_GENERATE_IMAGES": 9, "NUM_TIMESTEPS": 500, "MIXED_PRECISION": "fp16", "GRADIENT_ACCUMULATION_STEPS": 1, "losses": [0.04581608660519123, 0.04756114857369348, 0.046723441181606366, 0.04366829302161932, 0.040699555979747525, 0.04238565794535373, 0.04114586817786882, 0.03970354985641806, 0.037187005128515395, 0.03450612117977519, 0.036016409501041236, 0.036309088825395235, 0.03511193778954054, 0.033736693506178105, 0.031428259228797335, 0.03273731944592376, 0.03331646216347029, 0.03261856079885834, 0.031534299430878536, 0.02985484607909855, 0.03087057282069796, 0.03136497055621524, 0.030623033495717926, 0.029872409626841546, 0.02799408696591854, 0.02926436409746346, 0.029723021691959155, 0.028926479507629808, 0.028307056887761542, 0.02654089889930267, 0.02778625030462679, 0.02834743880911877, 0.027644962866447475, 0.027256225074004187, 0.025702117942273617], "fid_scores": [218.157185680648, 198.44710826250164, 191.95666791532835, 194.8275106372477, 189.21383887832314, 181.02187017109318, 167.40320886641635, 174.8264845319167], "fid_scores_epochs": [0, 5, 10, 15, 20, 25, 30, 34], "dataset": "square96_random0.005", "UNET_size": "mid", "optimizer": "Adam", "seed": 1, "exited_loss_na": false, "execution_time": 1705.3725904000003}