{"IMG_SIZE": 96, "BATCH_SIZE": 16, "LEARNING_RATE": 0.0001, "NUM_EPOCHS": 35, "NUM_GENERATE_IMAGES": 9, "NUM_TIMESTEPS": 500, "MIXED_PRECISION": "fp16", "GRADIENT_ACCUMULATION_STEPS": 1, "losses": [1.072416249074434, 1.0113790694035982, 0.9010052712340104, 0.7495559328480771, 0.579511865189201, 0.4218603435315584, 0.29541551125677007, 0.22035252655807294, 0.1595205766590018, 0.1373512101800818, 0.1257896788026157, 0.11994656606724388, 0.11947812728191677, 0.09693854321774684, 0.0946698933839798, 0.09177758662324202, 0.09137010182204999, 0.0945834988041928, 0.07544590356318574, 0.07583294691223848, 0.07423500599045503, 0.0752100232792528, 0.07926798768733677, 0.0625757118196864, 0.06398369764026843, 0.06277574971318245, 0.06418467273837641, 0.06963909338963659, 0.054248923239739316, 0.05615349466863431, 0.05539720711347304, 0.05764859875566081, 0.06333767240376849, 0.05026905905259283, 0.053044294252207407], "fid_scores": [353.7780310415777, 340.01063528708124, 331.3760964528126, 320.02696422134375, 307.03124748735905, 298.26421745528785, 285.3297025326574, 287.5161721008263], "fid_scores_epochs": [0, 5, 10, 15, 20, 25, 30, 34], "dataset": "square96_random0.001", "UNET_size": "small", "optimizer": "Adam", "seed": 1, "exited_loss_na": false, "execution_time": 235.67339040000002}