{"IMG_SIZE": 96, "BATCH_SIZE": 16, "LEARNING_RATE": 0.0001, "NUM_EPOCHS": 35, "NUM_GENERATE_IMAGES": 9, "NUM_TIMESTEPS": 500, "MIXED_PRECISION": "fp16", "GRADIENT_ACCUMULATION_STEPS": 1, "losses": [0.03141814657535992, 0.03727834795258547, 0.03831990357292326, NaN], "fid_scores": [240.85947037159266], "fid_scores_epochs": [0], "dataset": "square96_random0.005", "UNET_size": "mid", "optimizer": "Adam", "seed": 1, "exited_loss_na": true, "execution_time": 212.08142289999978}