{
    "IMG_SIZE": 96,
    "BATCH_SIZE": 16,
    "LEARNING_RATE": 0.001,
    "NUM_EPOCHS": 35,
    "NUM_GENERATE_IMAGES": 9,
    "NUM_TIMESTEPS": 500,
    "MIXED_PRECISION": "fp16",
    "GRADIENT_ACCUMULATION_STEPS": 1,
    "losses": [
        0.4723788822690646,
        0.08729509574671586,
        0.06275154017688085,
        0.05902557218602548,
        0.05586956957510362,
        NaN
    ],
    "fid_scores": [
        296.4087083448949
    ],
    "fid_scores_epochs": [
        0
    ],
    "dataset": "square96_random0.0025",
    "UNET_size": "mid",
    "optimizer": "Adam",
    "seed": 1,
    "exited_loss_na": true,
    "execution_time": 160.1576742999987
}