{"IMG_SIZE": 96, "BATCH_SIZE": 16, "LEARNING_RATE": 0.0001, "NUM_EPOCHS": 35, "NUM_GENERATE_IMAGES": 9, "NUM_TIMESTEPS": 500, "MIXED_PRECISION": "fp16", "GRADIENT_ACCUMULATION_STEPS": 1, "losses": [0.0364747350447272, 0.04023670305154826, 0.04018997549030342, 0.03927271779822676, 0.03637308695990788, 0.0371714864514376, 0.03653289570816253, 0.03480475492971508, 0.03358320444822312, 0.031221704008547884, 0.03240515156403968, 0.03298563065105363, 0.03217683406056542, 0.030945127663251602, 0.028880898683871094, 0.03037451284104272, 0.030789265585573097, 0.03000806774944067, 0.029517585823410436, 0.027626658760403332, 0.02891473234876206, 0.029226483728148435, 0.028862548854790237, 0.02823727489203999, 0.026549009047448634, 0.027684185565694384, 0.028053188858259664, 0.02742080505153066, 0.027165507324236005, 0.025515805341695483, 0.026669146924426682, 0.02707113280990406, 0.026580307470928682, 0.026438825523578808, 0.024927874291805846], "fid_scores": [212.1630539247329, 206.8349477857223, 197.99787330462968, 178.78442885199786, 175.51906305768148, 167.83220101217108, 165.8203952267718, 164.94527378278926], "fid_scores_epochs": [0, 5, 10, 15, 20, 25, 30, 34], "dataset": "square96_random0.005", "UNET_size": "small", "optimizer": "Adam", "seed": 1, "exited_loss_na": false, "execution_time": 641.4167289}