{"IMG_SIZE": 96, "BATCH_SIZE": 16, "LEARNING_RATE": 0.0001, "NUM_EPOCHS": 35, "NUM_GENERATE_IMAGES": 9, "NUM_TIMESTEPS": 500, "MIXED_PRECISION": "fp16", "GRADIENT_ACCUMULATION_STEPS": 1, "losses": [0.03601266800572998, 0.03900827222356671, 0.04138410924688766, 0.03675824662572459, 0.038146803959419856, 0.036384883219082106, 0.035949387048420156, 0.03561131875765951, 0.03260381800171576, 0.032655878688551875, 0.03188044173937095, 0.03214407107351642, 0.032183162505297284, 0.029830199931012956, 0.030332553131799948, 0.029976632700938928, 0.030339949832935083, 0.030463839038030096, 0.028285339876617258, 0.028665826273591894, 0.0284994223694268, 0.028696818022351515, 0.02922967434125511, 0.027003993358659117, 0.02762465867164888, 0.027255613033316636, 0.027530380671745854, 0.027875235225809248, 0.02594989417610984, 0.026452529185304517, 0.02609792306627098, 0.026474357759089847, 0.02691296136104747, 0.02514261850400975, 0.025669815842258303], "fid_scores": [194.25351553847764, 195.3837677563826, 183.15436648413493, 184.55435602202968, 174.01223498737562, 178.7233008303141, 175.19797233575946, 168.82517049361618], "fid_scores_epochs": [0, 5, 10, 15, 20, 25, 30, 34], "dataset": "square96_random0.005", "UNET_size": "small", "optimizer": "Adam", "seed": 0}