{"IMG_SIZE": 96, "BATCH_SIZE": 16, "LEARNING_RATE": 0.0001, "NUM_EPOCHS": 35, "NUM_GENERATE_IMAGES": 9, "NUM_TIMESTEPS": 500, "MIXED_PRECISION": "fp16", "GRADIENT_ACCUMULATION_STEPS": 1, "losses": [0.029903297180211858, 0.037547349420033, 0.03644388156305803, NaN], "fid_scores": [183.47704969696966], "fid_scores_epochs": [0], "dataset": "square96_random0.005", "UNET_size": "big", "optimizer": "Adam", "seed": 1, "exited_loss_na": true, "execution_time": 431.7217259000008}