{
    "IMG_SIZE": 96,
    "BATCH_SIZE": 16,
    "LEARNING_RATE": 0.0001,
    "NUM_EPOCHS": 35,
    "NUM_GENERATE_IMAGES": 9,
    "NUM_TIMESTEPS": 500,
    "MIXED_PRECISION": "fp16",
    "GRADIENT_ACCUMULATION_STEPS": 1,
    "losses": [
        1.0931954855720203,
        1.0913100217779477,
        1.0862740476926167,
        1.0810938278834026,
        1.0743721102674801,
        1.0663473928968112,
        1.0543217584490776,
        1.0419543087482452,
        1.0299946119387944,
        1.0138091060022514,
        0.9990845310191313,
        0.9841552451252937,
        0.9693672868112723,
        0.9529589538772901,
        0.9364058474699656,
        0.9259679193298022,
        0.9106138075391451,
        0.9008525696893533,
        0.8911072947084904,
        0.880955345928669,
        0.8699831316868464,
        0.8573160072167715,
        0.8543877564370632,
        0.8446771514912447,
        0.8421538062393665,
        0.8389547318220139,
        0.8347740297516187,
        0.8298724790414175,
        0.8222836405038834,
        0.8256091537574927,
        0.8209903165698051,
        0.8236204062898954,
        0.8247827490170797,
        0.8242784428099791,
        0.8225526362657547
    ],
    "fid_scores": [
        352.51229671882226,
        346.5206476131728,
        349.5787899055683,
        347.58483681300686,
        346.9698220273032,
        353.8184602890219
    ],
    "fid_scores_epochs": [
        0,
        7,
        14,
        21,
        28,
        34
    ],
    "dataset": "square96_random0.0025",
    "UNET_size": "mid",
    "optimizer": "SGD",
    "seed": 3,
    "exited_loss_na": false,
    "execution_time": 688.0480490999998
}