{"IMG_SIZE": 96, "BATCH_SIZE": 16, "LEARNING_RATE": 0.0001, "NUM_EPOCHS": 35, "NUM_GENERATE_IMAGES": 9, "NUM_TIMESTEPS": 500, "MIXED_PRECISION": "fp16", "GRADIENT_ACCUMULATION_STEPS": 1, "losses": [1.1045269307337309, 0.6446584237249274, 0.2241213015035579, 0.1205094019833364, 0.09528221009593262, 0.08265758356765697, 0.07551124742940853, 0.06881764193898753, 0.062255299757970006, 0.05746620856225491, 0.05599998149432634, 0.055407636847935225, 0.053043722714248454, 0.049626441319522104, 0.04683298529370835, 0.04701951522576182, 0.04764276273352535, 0.046228077576348656, 0.04455348274817592, 0.04222407371393944, 0.0433308497463402, 0.0440666986335265, 0.04296272342142306, 0.04185033603326271, 0.039894466798164344, 0.04110621846231975, 0.0421185658362351, 0.041293669413579134, 0.04035277591135941, 0.03862089255922719, 0.04002821679766241, 0.04119845135627608, 0.04056084322694101, 0.03982359138562491, 0.03825394111244302], "fid_scores": [315.2115190270283, 263.559960513311, 223.0781650397353, 206.28261684161026, 194.0006731123075, 185.96996664962364, 178.87483907535054, 179.70345505444104], "fid_scores_epochs": [0, 5, 10, 15, 20, 25, 30, 34], "dataset": "square96_random0.005", "UNET_size": "big", "optimizer": "Adam", "seed": 1, "exited_loss_na": false, "execution_time": 5665.7052272}