{"IMG_SIZE": 96, "BATCH_SIZE": 16, "LEARNING_RATE": 0.0001, "NUM_EPOCHS": 35, "NUM_GENERATE_IMAGES": 9, "NUM_TIMESTEPS": 500, "MIXED_PRECISION": "fp16", "GRADIENT_ACCUMULATION_STEPS": 1, "losses": [1.081446925799052, 1.0838393345475197, 1.0821934913595517, 1.082551581164201, 1.0823448672890663, 1.082450546324253, 1.0813045501708984, 1.0789848864078522, 1.078736777106921, 1.077911506096522, 1.0773571183284123, 1.0756818229953449, 1.0729163313905399, 1.0724690333008766, 1.0715547626217206, 1.0710425128539403, 1.0695300375421841, 1.0669626146554947, 1.066769706706206, 1.0661686211824417, 1.0659883245825768, 1.0648613671461742, 1.062605341275533, 1.0628704652190208, 1.0626841659347217, 1.0628909543156624, 1.0621571093797684, 1.0603133762876193, 1.0609710589051247, 1.0611474812030792, 1.0616695856054623, 1.0612413759032886, 1.0596668521563213, 1.060544063647588, 1.0609010383486748], "fid_scores": [335.9210111695189, 341.8652558511206, 341.6676797919952, 341.4764853687327, 341.51667638842184, 341.365907787064, 341.32614287778813, 333.65879093626], "fid_scores_epochs": [0, 5, 10, 15, 20, 25, 30, 34], "dataset": "square96_random0.0025", "UNET_size": "small", "optimizer": "SGD", "seed": 0, "exited_loss_na": false, "execution_time": 336.6041761}